treated_reference,treat_date,control,q,n_pre,n_post,vr_pre,vr_post,z2_pre,z2_post,ineff_pre,ineff_post,d_ineff
chana,2021-08-16,castor,2,1194,1080,0.6592164818889608,0.6492664765282916,-6.751627360912693,-5.872133391365407,0.34078351811103924,0.3507335234717084,0.009950005360669145
chana,2021-08-16,guarseed413,2,1181,1085,0.6500674558983005,0.6819443079610044,-7.547812181420491,-7.712014707083157,0.3499325441016995,0.31805569203899564,-0.03187685206270385
chana,2021-08-16,jeera,2,1191,1078,0.6520050207258771,0.6235606803410565,-4.8669730408826775,-8.067176251481614,0.34799497927412293,0.3764393196589435,0.028444340384820577
chana,2021-08-16,turmeric,2,1204,1088,0.4925682696342874,0.5176742762616375,-11.679239212418052,-9.731539663640236,0.5074317303657125,0.48232572373836247,-0.025106006627350075
chana,2021-08-16,cotton,2,1203,1091,0.6733694075755339,0.6027457225055736,-6.23796879135351,-8.557831378593272,0.3266305924244661,0.39725427749442643,0.0706236850699603
chana,2021-08-16,castor,5,1194,1080,0.44931915814201995,0.3912335132439596,-5.643101244091564,-5.6041853754236985,0.55068084185798,0.6087664867560404,0.05808564489806034
chana,2021-08-16,guarseed413,5,1181,1085,0.48720305530838787,0.4759842026301561,-5.566608255244051,-6.228173453159669,0.5127969446916121,0.5240157973698438,0.01121885267823175
chana,2021-08-16,jeera,5,1191,1078,0.3964150546963359,0.4548585715501652,-4.36275068254114,-5.798548930053514,0.6035849453036641,0.5451414284498348,-0.058443516853829314
chana,2021-08-16,turmeric,5,1204,1088,0.16758171389513407,0.20590416909106965,-10.216174637125093,-8.342944438783713,0.8324182861048659,0.7940958309089303,-0.03832245519593558
chana,2021-08-16,cotton,5,1203,1091,0.46510571077138274,0.4199662983088529,-5.002899284425561,-6.065414505474363,0.5348942892286173,0.5800337016911471,0.04513941246252984
chana,2021-08-16,castor,10,1194,1080,0.34848645166527575,0.25519187033504753,-4.650203103878193,-5.247271548038188,0.6515135483347243,0.7448081296649525,0.09329458133022817
chana,2021-08-16,guarseed413,10,1181,1085,0.4677016063119254,0.41442268156900147,-4.0176568378796915,-4.8053012260499885,0.5322983936880745,0.5855773184309985,0.05327892474292395
chana,2021-08-16,jeera,10,1191,1078,0.25742434057646024,0.38211279321291985,-3.8384275983319847,-4.696599271372671,0.7425756594235398,0.6178872067870802,-0.12468845263645956
chana,2021-08-16,turmeric,10,1204,1088,0.09678812850046015,0.12172172570360773,-7.65246666051815,-6.538940135099759,0.9032118714995399,0.8782782742963923,-0.024933597203147584
chana,2021-08-16,cotton,10,1203,1091,0.42295072055741967,0.39961653637187267,-3.623938868858232,-4.225597528316623,0.5770492794425803,0.6003834636281273,0.023334184185547002
mustard,2021-10-08,castor,2,1233,1041,0.6624211237006823,0.6436791425257122,-6.871988216373596,-5.643178933960025,0.3375788762993177,0.35632085747428777,0.018741981174970057
mustard,2021-10-08,guarseed413,2,1220,1046,0.6892235989046503,0.658721972695234,-6.6796315204080345,-8.191164920767603,0.31077640109534965,0.341278027304766,0.03050162620941632
mustard,2021-10-08,jeera,2,1230,1039,0.6468222119195874,0.6331998574007115,-5.089829333171206,-7.794984642261286,0.35317778808041256,0.3668001425992885,0.013622354518875945
mustard,2021-10-08,turmeric,2,1243,1049,0.488811147337774,0.5202337268484244,-11.843167396037662,-9.495757111653656,0.511188852662226,0.4797662731515756,-0.03142257951065042
mustard,2021-10-08,cotton,2,1242,1052,0.6485496762416778,0.626640902540691,-6.8584306775632315,-8.154293460659998,0.3514503237583222,0.37335909745930895,0.02190877370098676
mustard,2021-10-08,castor,5,1233,1041,0.4481451886314969,0.3890768008646903,-5.803326917097822,-5.355323145711617,0.5518548113685031,0.6109231991353097,0.05906838776680656
mustard,2021-10-08,guarseed413,5,1220,1046,0.5417591111203032,0.44504428477556157,-4.9356019284848855,-6.520491233977312,0.45824088887969683,0.5549557152244384,0.0967148263447416
mustard,2021-10-08,jeera,5,1230,1039,0.39404769428268005,0.4641921725218443,-4.511625027367263,-5.661055846970216,0.60595230571732,0.5358078274781557,-0.07014447823916425
mustard,2021-10-08,turmeric,5,1243,1049,0.1660315307815136,0.2071504625994145,-10.33739808554044,-8.173838128021433,0.8339684692184864,0.7928495374005855,-0.04111893181790094
mustard,2021-10-08,cotton,5,1242,1052,0.43282794679723646,0.4449493905496733,-5.408411646202009,-5.879720016143875,0.5671720532027635,0.5550506094503267,-0.012121443752436845
mustard,2021-10-08,castor,10,1233,1041,0.3486941307657749,0.2514669586314154,-4.766033860326453,-5.0695344258961175,0.6513058692342251,0.7485330413685847,0.09722717213435961
mustard,2021-10-08,guarseed413,10,1220,1046,0.5391136283211752,0.4122201149147456,-3.423622696440457,-4.798380087025298,0.46088637167882485,0.5877798850852545,0.12689351340642963
mustard,2021-10-08,jeera,10,1230,1039,0.2561719217576898,0.39738401852641037,-3.9605142320075366,-4.5301432823672885,0.7438280782423101,0.6026159814735896,-0.14121209676872049
mustard,2021-10-08,turmeric,10,1243,1049,0.0955265638441118,0.12238447359160412,-7.773215706592078,-6.411039052155635,0.9044734361558882,0.8776155264083959,-0.026857909747492248
mustard,2021-10-08,cotton,10,1242,1052,0.3968077208681681,0.41078070406452144,-3.8644699525084074,-4.174354440764679,0.6031922791318318,0.5892192959354785,-0.013972983196353317
soybean,2021-12-20,castor,2,1283,991,0.6796218218595477,0.6145096079814543,-6.4536468953870205,-6.310113331120527,0.32037817814045233,0.38549039201854574,0.0651122138780934
soybean,2021-12-20,guarseed413,2,1270,996,0.6966061250394381,0.6472747800875419,-6.82072744480472,-8.089037527735199,0.3033938749605619,0.3527252199124581,0.04933134495189617
soybean,2021-12-20,jeera,2,1280,989,0.6457354775503251,0.632413565178339,-5.0846053072887045,-7.783929940879351,0.3542645224496749,0.367586434821661,0.0133219123719861
soybean,2021-12-20,turmeric,2,1294,998,0.4979622259629763,0.5120838500598579,-11.846710326911218,-9.378499097360939,0.5020377740370237,0.4879161499401421,-0.014121624096881558
soybean,2021-12-20,cotton,2,1293,1001,0.6553096768801734,0.6157008123033163,-6.968897673819593,-7.967971385227981,0.3446903231198266,0.3842991876966837,0.039608864576857084
soybean,2021-12-20,castor,5,1283,991,0.45401528797953944,0.37111661952535036,-5.657818143956021,-5.820522605869604,0.5459847120204606,0.6288833804746496,0.08289866845418903
soybean,2021-12-20,guarseed413,5,1270,996,0.5511388658808698,0.426437840432355,-5.016913558406937,-6.50191715363869,0.4488611341191302,0.573562159567645,0.1247010254485148
soybean,2021-12-20,jeera,5,1280,989,0.39310578170725025,0.46391109908373934,-4.531044942056843,-5.617101623723629,0.6068942182927497,0.5360889009162606,-0.0708053173764891
soybean,2021-12-20,turmeric,5,1294,998,0.17002309124722995,0.20493973582299715,-10.440622231595697,-8.004825939656264,0.8299769087527701,0.7950602641770028,-0.034916644575767264
soybean,2021-12-20,cotton,5,1293,1001,0.44847542581480276,0.42832820986997633,-5.435320719856066,-5.7844685466682195,0.5515245741851973,0.5716717901300237,0.02014721594482638
soybean,2021-12-20,castor,10,1283,991,0.3368214065094559,0.2532533609348482,-4.830759823975188,-5.341293759079575,0.6631785934905441,0.7467466390651518,0.08356804557460773
soybean,2021-12-20,guarseed413,10,1270,996,0.5509517591124276,0.38911223000706174,-3.4563956609531834,-4.830798159302716,0.44904824088757245,0.6108877699929383,0.1618395291053658
soybean,2021-12-20,jeera,10,1280,989,0.2526543589814739,0.4063582522589755,-4.012826517679538,-4.408286413111359,0.7473456410185261,0.5936417477410245,-0.15370389327750156
soybean,2021-12-20,turmeric,10,1294,998,0.09776920539461269,0.12155950527730837,-7.892266695067916,-6.261406828980134,0.9022307946053874,0.8784404947226916,-0.023790299882695765
soybean,2021-12-20,cotton,10,1293,1001,0.4248610026784514,0.3862684914647431,-3.7976398934786224,-4.167581632572958,0.5751389973215486,0.6137315085352568,0.038592511213708214
moong,2021-12-20,castor,2,1283,991,0.6796218218595477,0.6145096079814543,-6.4536468953870205,-6.310113331120527,0.32037817814045233,0.38549039201854574,0.0651122138780934
moong,2021-12-20,guarseed413,2,1270,996,0.6966061250394381,0.6472747800875419,-6.82072744480472,-8.089037527735199,0.3033938749605619,0.3527252199124581,0.04933134495189617
moong,2021-12-20,jeera,2,1280,989,0.6457354775503251,0.632413565178339,-5.0846053072887045,-7.783929940879351,0.3542645224496749,0.367586434821661,0.0133219123719861
moong,2021-12-20,turmeric,2,1294,998,0.4979622259629763,0.5120838500598579,-11.846710326911218,-9.378499097360939,0.5020377740370237,0.4879161499401421,-0.014121624096881558
moong,2021-12-20,cotton,2,1293,1001,0.6553096768801734,0.6157008123033163,-6.968897673819593,-7.967971385227981,0.3446903231198266,0.3842991876966837,0.039608864576857084
moong,2021-12-20,castor,5,1283,991,0.45401528797953944,0.37111661952535036,-5.657818143956021,-5.820522605869604,0.5459847120204606,0.6288833804746496,0.08289866845418903
moong,2021-12-20,guarseed413,5,1270,996,0.5511388658808698,0.426437840432355,-5.016913558406937,-6.50191715363869,0.4488611341191302,0.573562159567645,0.1247010254485148
moong,2021-12-20,jeera,5,1280,989,0.39310578170725025,0.46391109908373934,-4.531044942056843,-5.617101623723629,0.6068942182927497,0.5360889009162606,-0.0708053173764891
moong,2021-12-20,turmeric,5,1294,998,0.17002309124722995,0.20493973582299715,-10.440622231595697,-8.004825939656264,0.8299769087527701,0.7950602641770028,-0.034916644575767264
moong,2021-12-20,cotton,5,1293,1001,0.44847542581480276,0.42832820986997633,-5.435320719856066,-5.7844685466682195,0.5515245741851973,0.5716717901300237,0.02014721594482638
moong,2021-12-20,castor,10,1283,991,0.3368214065094559,0.2532533609348482,-4.830759823975188,-5.341293759079575,0.6631785934905441,0.7467466390651518,0.08356804557460773
moong,2021-12-20,guarseed413,10,1270,996,0.5509517591124276,0.38911223000706174,-3.4563956609531834,-4.830798159302716,0.44904824088757245,0.6108877699929383,0.1618395291053658
moong,2021-12-20,jeera,10,1280,989,0.2526543589814739,0.4063582522589755,-4.012826517679538,-4.408286413111359,0.7473456410185261,0.5936417477410245,-0.15370389327750156
moong,2021-12-20,turmeric,10,1294,998,0.09776920539461269,0.12155950527730837,-7.892266695067916,-6.261406828980134,0.9022307946053874,0.8784404947226916,-0.023790299882695765
moong,2021-12-20,cotton,10,1293,1001,0.4248610026784514,0.3862684914647431,-3.7976398934786224,-4.167581632572958,0.5751389973215486,0.6137315085352568,0.038592511213708214
