Date,Price,Open,High,Low,Vol.,Change %,Open Interest,Contract Expiry,Days To Expiry,Roll Day
28-02-2022,1009.0,0.0,0.0,0.0,0,0.00%,0,29Apr2022,60,0
25-02-2022,1009.0,0.0,0.0,0.0,0,0.00%,0,29Apr2022,63,0
24-02-2022,1009.0,0.0,0.0,0.0,0,0.00%,0,29Apr2022,64,0
23-02-2022,1009.0,0.0,0.0,0.0,0,0.00%,0,29Apr2022,65,0
22-02-2022,1009.0,0.0,0.0,0.0,0,0.00%,0,29Apr2022,66,0
21-02-2022,1009.0,0.0,0.0,0.0,0,0.00%,0,29Apr2022,67,0
18-02-2022,1009.0,0.0,0.0,0.0,0,0.00%,0,29Apr2022,70,0
17-02-2022,1009.0,0.0,0.0,0.0,0,0.00%,0,29Apr2022,71,0
16-02-2022,1009.0,0.0,0.0,0.0,0,0.00%,0,29Apr2022,72,0
15-02-2022,1009.0,0.0,0.0,0.0,0,0.00%,0,29Apr2022,73,0
14-02-2022,1009.0,0.0,0.0,0.0,0,0.00%,0,29Apr2022,74,0
11-02-2022,1009.0,0.0,0.0,0.0,0,0.00%,0,29Apr2022,77,0
10-02-2022,1009.0,0.0,0.0,0.0,0,0.00%,0,29Apr2022,78,0
09-02-2022,1009.0,0.0,0.0,0.0,0,0.00%,0,29Apr2022,79,0
08-02-2022,1009.0,0.0,0.0,0.0,0,0.00%,0,29Apr2022,80,0
07-02-2022,1009.0,0.0,0.0,0.0,0,0.00%,0,29Apr2022,81,0
04-02-2022,1009.0,0.0,0.0,0.0,0,0.00%,0,29Apr2022,84,0
03-02-2022,1009.0,0.0,0.0,0.0,0,0.00%,0,29Apr2022,85,0
02-02-2022,1009.0,0.0,0.0,0.0,0,0.00%,0,29Apr2022,86,0
01-02-2022,1009.0,0.0,0.0,0.0,0,-12.47%,0,29Apr2022,87,1
31-01-2022,1152.7,0.0,0.0,0.0,0,0.00%,12,31Mar2022,59,0
28-01-2022,1152.7,1154.0,1155.0,1150.0,7,1.56%,12,31Mar2022,62,0
27-01-2022,1135.0,0.0,0.0,0.0,0,0.00%,19,31Mar2022,63,0
25-01-2022,1135.0,0.0,0.0,0.0,0,0.00%,19,31Mar2022,65,0
24-01-2022,1135.0,0.0,0.0,0.0,0,0.00%,19,31Mar2022,66,0
21-01-2022,1135.0,0.0,0.0,0.0,0,1.34%,19,31Mar2022,69,0
20-01-2022,1120.0,0.0,0.0,0.0,0,1.45%,19,31Mar2022,70,0
19-01-2022,1104.0,0.0,0.0,0.0,0,2.70%,19,31Mar2022,71,0
18-01-2022,1075.0,0.0,0.0,0.0,0,0.00%,19,31Mar2022,72,0
17-01-2022,1075.0,0.0,0.0,0.0,0,0.00%,19,31Mar2022,73,0
14-01-2022,1075.0,0.0,0.0,0.0,0,0.00%,19,31Mar2022,76,0
13-01-2022,1075.0,0.0,0.0,0.0,0,0.00%,19,31Mar2022,77,0
12-01-2022,1075.0,0.0,0.0,0.0,0,0.00%,19,31Mar2022,78,0
11-01-2022,1075.0,0.0,0.0,0.0,0,0.00%,19,31Mar2022,79,0
10-01-2022,1075.0,0.0,0.0,0.0,0,0.00%,19,31Mar2022,80,0
07-01-2022,1075.0,0.0,0.0,0.0,0,2.38%,19,31Mar2022,83,0
06-01-2022,1050.0,0.0,0.0,0.0,0,0.00%,19,31Mar2022,84,0
05-01-2022,1050.0,0.0,0.0,0.0,0,0.00%,19,31Mar2022,85,0
04-01-2022,1050.0,0.0,0.0,0.0,0,0.00%,19,31Mar2022,86,0
03-01-2022,1050.0,0.0,0.0,0.0,0,0.00%,19,31Mar2022,87,1
31-12-2021,1050.0,0.0,0.0,0.0,0,0.00%,429,28Feb2022,59,0
30-12-2021,1050.0,0.0,0.0,0.0,0,0.00%,429,28Feb2022,60,0
29-12-2021,1050.0,0.0,0.0,0.0,0,0.00%,429,28Feb2022,61,0
28-12-2021,1050.0,1050.0,1050.0,1050.0,2,0.27%,429,28Feb2022,62,0
27-12-2021,1047.2,0.0,0.0,0.0,0,0.00%,431,28Feb2022,63,0
24-12-2021,1047.2,1043.9,1050.0,1043.9,8,0.02%,431,28Feb2022,66,0
23-12-2021,1047.0,1047.0,1047.0,1047.0,2,0.00%,439,28Feb2022,67,0
22-12-2021,1047.0,0.0,0.0,0.0,0,0.00%,441,28Feb2022,68,0
21-12-2021,1047.0,1047.0,1047.0,1046.9,2,0.72%,441,28Feb2022,69,0
20-12-2021,1039.5,1029.0,1053.9,1028.6,10,-0.24%,443,28Feb2022,70,0
17-12-2021,1042.0,1043.0,1050.9,1038.0,131,-0.45%,453,28Feb2022,73,0
16-12-2021,1046.7,1039.2,1047.2,1036.8,43,1.74%,406,28Feb2022,74,0
15-12-2021,1028.8,1037.0,1037.0,1014.9,159,-2.68%,402,28Feb2022,75,0
14-12-2021,1057.1,1065.1,1066.8,1055.0,154,-1.09%,382,28Feb2022,76,0
13-12-2021,1068.7,1066.0,1072.5,1065.1,111,-0.05%,316,28Feb2022,77,0
10-12-2021,1069.2,1070.0,1073.1,1063.0,223,-0.03%,294,28Feb2022,80,0
09-12-2021,1069.5,1093.4,1093.4,1066.5,62,-1.54%,238,28Feb2022,81,0
08-12-2021,1086.2,1094.3,1094.3,1085.0,65,-1.40%,186,28Feb2022,82,0
07-12-2021,1101.6,1093.6,1104.1,1092.1,86,1.24%,153,28Feb2022,83,0
06-12-2021,1088.1,1086.0,1091.4,1082.6,114,0.26%,142,28Feb2022,84,0
03-12-2021,1085.3,1075.0,1087.5,1075.0,34,1.55%,98,28Feb2022,87,0
02-12-2021,1068.7,1066.6,1071.0,1060.0,44,-1.21%,88,28Feb2022,88,0
01-12-2021,1081.8,1073.8,1085.0,1073.8,6,-0.67%,53,28Feb2022,89,1
30-11-2021,1089.1,1096.0,1099.9,1080.1,947,-1.23%,2647,31Jan2022,62,0
29-11-2021,1102.7,1105.5,1110.0,1099.0,518,0.10%,2343,31Jan2022,63,0
26-11-2021,1101.6,1115.8,1116.1,1098.0,970,-1.52%,2065,31Jan2022,66,0
25-11-2021,1118.6,1118.5,1127.0,1113.1,1028,-0.30%,1532,31Jan2022,67,0
24-11-2021,1122.0,1117.4,1125.0,1112.3,510,0.19%,810,31Jan2022,68,0
23-11-2021,1119.9,1133.7,1133.7,1113.0,263,-0.35%,575,31Jan2022,69,0
22-11-2021,1123.8,1128.0,1128.0,1118.0,74,-0.15%,442,31Jan2022,70,0
19-11-2021,1125.5,1119.8,1128.5,1118.0,54,0.43%,461,31Jan2022,73,0
18-11-2021,1120.7,1106.0,1125.0,1105.0,147,0.96%,462,31Jan2022,74,0
17-11-2021,1110.0,1111.0,1118.4,1102.5,168,0.63%,414,31Jan2022,75,0
16-11-2021,1103.1,1073.0,1107.0,1073.0,211,3.45%,376,31Jan2022,76,0
15-11-2021,1066.3,1062.7,1069.0,1061.8,65,-0.35%,316,31Jan2022,77,0
12-11-2021,1070.0,1069.7,1074.4,1065.2,15,0.55%,265,31Jan2022,80,0
11-11-2021,1064.2,1064.2,1068.9,1063.0,155,-0.02%,267,31Jan2022,81,0
10-11-2021,1064.4,1063.4,1067.6,1050.0,42,1.29%,148,31Jan2022,82,0
09-11-2021,1050.8,1050.3,1056.9,1044.6,136,-2.88%,144,31Jan2022,83,0
08-11-2021,1082.0,1084.1,1085.4,1081.0,17,-1.37%,55,31Jan2022,84,0
05-11-2021,1097.0,1097.0,1097.0,1097.0,3,-1.07%,40,31Jan2022,87,0
04-11-2021,1108.9,1107.9,1109.8,1107.9,2,0.31%,38,31Jan2022,88,0
03-11-2021,1105.5,1104.4,1107.0,1100.0,35,0.05%,36,31Jan2022,89,0
02-11-2021,1105.0,1104.0,1106.0,1100.0,20,-0.45%,19,31Jan2022,90,0
01-11-2021,1110.0,0.0,0.0,0.0,0,-0.72%,2,31Jan2022,91,1
29-10-2021,1118.1,1120.0,1121.0,1115.2,1157,0.43%,2198,31Dec2021,63,0
28-10-2021,1113.3,1110.1,1119.2,1104.9,195,-0.38%,1466,31Dec2021,64,0
27-10-2021,1117.5,1108.6,1121.2,1108.0,404,0.59%,1420,31Dec2021,65,0
26-10-2021,1110.9,1118.1,1118.1,1107.9,297,-0.36%,1253,31Dec2021,66,0
25-10-2021,1114.9,1119.0,1119.0,1106.0,171,-0.09%,1142,31Dec2021,67,0
22-10-2021,1115.9,1104.1,1119.9,1095.7,434,0.60%,1159,31Dec2021,70,0
21-10-2021,1109.2,1138.0,1140.0,1105.6,769,-1.96%,1107,31Dec2021,71,0
20-10-2021,1131.4,1111.0,1132.7,1108.0,560,2.59%,837,31Dec2021,72,0
19-10-2021,1102.8,1100.6,1108.0,1098.0,149,1.08%,460,31Dec2021,73,0
18-10-2021,1091.0,1091.0,1096.5,1087.6,175,0.22%,351,31Dec2021,74,0
15-10-2021,1088.6,1100.8,1100.8,1085.6,13,0.60%,196,31Dec2021,77,0
14-10-2021,1082.1,1090.5,1091.5,1074.1,52,-1.81%,194,31Dec2021,78,0
13-10-2021,1102.0,1140.0,1141.0,1088.8,169,-2.62%,179,31Dec2021,79,0
12-10-2021,1131.6,1132.0,1132.9,1131.0,37,-0.41%,63,31Dec2021,80,0
11-10-2021,1136.3,1138.1,1141.2,1133.4,27,0.84%,33,31Dec2021,81,0
08-10-2021,1126.8,1120.7,1132.0,1112.5,32,-0.50%,27,31Dec2021,84,0
07-10-2021,1132.5,1138.1,1138.1,1124.0,6,-3.00%,12,31Dec2021,85,0
06-10-2021,1167.5,1159.0,1171.0,1159.0,11,3.05%,12,31Dec2021,86,0
05-10-2021,1133.0,0.0,0.0,0.0,0,2.34%,2,31Dec2021,87,0
04-10-2021,1107.1,0.0,0.0,0.0,0,0.00%,2,31Dec2021,88,0
01-10-2021,1107.1,1111.0,1111.2,1103.0,4,-1.31%,2,31Dec2021,91,1
30-09-2021,1121.8,1107.9,1124.0,1107.0,703,1.62%,408,30Nov2021,61,0
29-09-2021,1103.9,1093.7,1106.0,1093.7,187,0.57%,181,30Nov2021,62,0
28-09-2021,1097.6,1099.3,1099.4,1093.6,36,0.47%,155,30Nov2021,63,0
27-09-2021,1092.5,1086.0,1094.6,1081.3,91,0.00%,156,30Nov2021,64,0
24-09-2021,1092.5,1101.7,1101.7,1088.5,64,0.02%,128,30Nov2021,67,0
23-09-2021,1092.3,1089.7,1093.0,1088.1,63,1.15%,131,30Nov2021,68,0
22-09-2021,1079.9,1078.7,1087.0,1078.0,101,0.56%,133,30Nov2021,69,0
21-09-2021,1073.9,1075.9,1078.0,1070.1,32,0.35%,121,30Nov2021,70,0
20-09-2021,1070.2,1090.0,1092.4,1069.0,115,-0.98%,102,30Nov2021,71,0
17-09-2021,1080.8,1084.0,1088.6,1078.0,56,-1.14%,70,30Nov2021,74,0
16-09-2021,1093.3,1092.0,1094.0,1092.0,6,1.76%,36,30Nov2021,75,0
15-09-2021,1074.4,1078.9,1078.9,1070.6,3,-0.11%,37,30Nov2021,76,0
14-09-2021,1075.6,1083.5,1084.5,1062.0,20,0.06%,36,30Nov2021,77,0
13-09-2021,1075.0,1075.2,1076.0,1074.5,8,-0.72%,26,30Nov2021,78,0
10-09-2021,1082.8,1083.9,1083.9,1081.6,2,-1.54%,21,30Nov2021,81,0
09-09-2021,1099.7,1101.0,1109.1,1094.4,45,0.32%,21,30Nov2021,82,0
08-09-2021,1096.2,1088.0,1099.0,1088.0,50,-1.40%,50,30Nov2021,83,0
07-09-2021,1111.8,1103.0,1115.0,1103.0,6,0.52%,18,30Nov2021,84,0
06-09-2021,1106.0,1115.5,1115.5,1103.6,6,-0.83%,18,30Nov2021,85,0
03-09-2021,1115.3,1115.0,1119.6,1115.0,19,1.77%,18,30Nov2021,88,0
02-09-2021,1095.9,1095.9,1095.9,1095.9,1,-0.64%,3,30Nov2021,89,0
01-09-2021,1103.0,0.0,0.0,0.0,0,-1.43%,2,30Nov2021,90,1
31-08-2021,1119.0,1126.3,1130.5,1115.6,141,-0.60%,498,29Oct2021,59,0
30-08-2021,1125.7,1133.5,1133.5,1123.4,115,-0.27%,455,29Oct2021,60,0
27-08-2021,1128.7,1132.2,1132.2,1121.6,192,0.00%,477,29Oct2021,63,0
26-08-2021,1128.7,1136.0,1137.7,1128.0,158,-0.73%,396,29Oct2021,64,0
25-08-2021,1137.0,1130.3,1137.7,1124.9,91,0.70%,300,29Oct2021,65,0
24-08-2021,1129.1,1126.6,1132.3,1121.5,77,0.20%,286,29Oct2021,66,0
23-08-2021,1126.8,1115.5,1130.6,1115.5,135,0.70%,266,29Oct2021,67,0
20-08-2021,1119.0,1125.0,1132.0,1101.0,163,-0.06%,208,29Oct2021,70,0
19-08-2021,1119.7,1122.2,1123.2,1115.1,20,-0.46%,157,29Oct2021,71,0
18-08-2021,1124.9,1121.8,1130.7,1120.0,83,-0.01%,155,29Oct2021,72,0
17-08-2021,1125.0,1134.7,1137.9,1122.9,33,-1.14%,89,29Oct2021,73,0
16-08-2021,1138.0,1150.9,1150.9,1130.5,35,0.75%,71,29Oct2021,74,0
13-08-2021,1129.5,1120.0,1135.9,1120.0,8,1.33%,46,29Oct2021,77,0
12-08-2021,1114.7,1124.0,1128.7,1110.0,24,-0.75%,47,29Oct2021,78,0
11-08-2021,1123.1,1107.4,1126.0,1103.0,21,3.31%,35,29Oct2021,79,0
10-08-2021,1087.1,1087.9,1102.7,1080.0,12,-1.16%,24,29Oct2021,80,0
09-08-2021,1099.9,1101.0,1101.0,1096.6,4,-0.29%,23,29Oct2021,81,0
06-08-2021,1103.1,1101.0,1108.5,1101.0,6,-0.28%,21,29Oct2021,84,0
05-08-2021,1106.2,1109.5,1109.5,1101.9,5,-0.30%,16,29Oct2021,85,0
04-08-2021,1109.5,1103.0,1117.0,1103.0,9,0.90%,13,29Oct2021,86,0
03-08-2021,1099.6,1102.0,1102.0,1092.0,15,0.88%,10,29Oct2021,87,0
02-08-2021,1090.0,0.0,0.0,0.0,0,-3.93%,0,29Oct2021,88,1
30-07-2021,1134.6,1152.9,1157.4,1117.0,490,-1.33%,969,30Sep2021,62,0
29-07-2021,1149.9,1136.8,1151.4,1136.8,666,1.56%,905,30Sep2021,63,0
28-07-2021,1132.2,1130.1,1134.9,1123.3,654,0.14%,611,30Sep2021,64,0
27-07-2021,1130.6,1140.5,1146.0,1128.0,229,-0.33%,199,30Sep2021,65,0
26-07-2021,1134.3,1112.0,1137.2,1110.9,83,1.94%,117,30Sep2021,66,0
23-07-2021,1112.7,1105.0,1113.9,1105.0,55,2.20%,108,30Sep2021,69,0
22-07-2021,1088.7,1090.0,1098.1,1081.0,28,-0.91%,84,30Sep2021,70,0
21-07-2021,1098.7,1099.3,1099.5,1096.8,7,-0.06%,86,30Sep2021,71,0
20-07-2021,1099.4,1073.7,1106.0,1073.7,20,2.54%,89,30Sep2021,72,0
19-07-2021,1072.2,1092.0,1097.8,1070.0,30,-0.99%,86,30Sep2021,73,0
16-07-2021,1082.9,1060.0,1089.9,1060.0,81,2.22%,79,30Sep2021,76,0
15-07-2021,1059.4,1061.8,1065.6,1055.0,6,1.39%,19,30Sep2021,77,0
14-07-2021,1044.9,1038.2,1053.0,1035.1,9,0.73%,16,30Sep2021,78,0
13-07-2021,1037.3,1023.0,1046.5,1022.3,44,2.20%,15,30Sep2021,79,0
12-07-2021,1015.0,0.0,0.0,0.0,0,0.92%,8,30Sep2021,80,0
09-07-2021,1005.7,1005.7,1005.7,1005.7,1,1.77%,8,30Sep2021,83,0
08-07-2021,988.2,988.2,988.2,988.2,1,-0.38%,7,30Sep2021,84,0
07-07-2021,992.0,0.0,0.0,0.0,0,-3.73%,8,30Sep2021,85,0
06-07-2021,1030.4,1028.2,1040.3,990.7,18,2.02%,8,30Sep2021,86,0
05-07-2021,1010.0,0.0,0.0,0.0,0,1.51%,8,30Sep2021,87,0
02-07-2021,995.0,0.0,0.0,0.0,0,2.77%,8,30Sep2021,90,0
01-07-2021,968.2,960.3,990.7,960.0,8,0.41%,8,30Sep2021,91,1
30-06-2021,964.2,986.0,989.0,954.3,713,-1.95%,1091,31Aug2021,62,0
29-06-2021,983.4,977.5,1009.8,968.1,770,0.04%,791,31Aug2021,63,0
28-06-2021,983.0,968.1,985.0,965.8,220,2.35%,566,31Aug2021,64,0
25-06-2021,960.4,979.9,986.0,955.0,298,-0.80%,504,31Aug2021,67,0
24-06-2021,968.1,970.0,981.5,960.0,210,-1.43%,435,31Aug2021,68,0
23-06-2021,982.1,990.0,993.6,973.1,362,0.32%,398,31Aug2021,69,0
22-06-2021,979.0,962.0,994.0,954.2,195,1.41%,332,31Aug2021,70,0
21-06-2021,965.4,968.4,981.0,954.0,140,0.25%,257,31Aug2021,71,0
18-06-2021,963.0,949.0,976.0,941.2,200,0.91%,211,31Aug2021,74,0
17-06-2021,954.3,954.5,967.1,946.5,69,-0.86%,176,31Aug2021,75,0
16-06-2021,962.6,966.2,981.0,955.5,154,0.29%,165,31Aug2021,76,0
15-06-2021,959.8,971.1,997.0,951.6,130,-2.11%,182,31Aug2021,77,0
14-06-2021,980.5,954.0,985.0,936.7,89,-1.28%,179,31Aug2021,78,0
11-06-2021,993.2,1043.6,1044.0,993.2,78,-5.99%,191,31Aug2021,81,0
10-06-2021,1056.5,1060.6,1075.9,1054.2,95,-0.86%,158,31Aug2021,82,0
09-06-2021,1065.7,1101.8,1103.0,1062.0,54,-3.22%,117,31Aug2021,83,0
08-06-2021,1101.2,1093.0,1102.0,1082.7,71,-1.96%,90,31Aug2021,84,0
07-06-2021,1123.2,1120.0,1134.0,1113.0,13,2.96%,54,31Aug2021,85,0
04-06-2021,1090.9,1092.0,1106.5,1084.4,12,-0.96%,48,31Aug2021,88,0
03-06-2021,1101.5,1113.7,1113.7,1095.0,42,0.03%,47,31Aug2021,89,0
02-06-2021,1101.2,1093.5,1110.8,1090.0,16,2.99%,18,31Aug2021,90,0
01-06-2021,1069.2,1064.0,1077.0,1064.0,5,-2.05%,6,31Aug2021,91,1
31-05-2021,1091.6,1094.6,1098.0,1085.0,233,-0.62%,327,30Jul2021,60,0
28-05-2021,1098.4,1126.4,1129.5,1096.0,300,-1.83%,258,30Jul2021,63,0
27-05-2021,1118.9,1130.0,1132.0,1114.0,176,-1.18%,141,30Jul2021,64,0
26-05-2021,1132.3,1149.0,1149.0,1126.5,89,-1.38%,126,30Jul2021,65,0
25-05-2021,1148.2,1149.5,1156.9,1142.1,131,0.86%,131,30Jul2021,66,0
24-05-2021,1138.4,1134.1,1142.1,1116.0,69,0.38%,128,30Jul2021,67,0
21-05-2021,1134.1,1149.2,1151.5,1132.1,70,-1.29%,103,30Jul2021,70,0
20-05-2021,1148.9,1164.5,1170.0,1130.0,93,-0.20%,99,30Jul2021,71,0
19-05-2021,1151.2,1181.8,1187.5,1144.4,164,-2.89%,79,30Jul2021,72,0
18-05-2021,1185.5,1202.1,1209.0,1164.7,50,-0.89%,152,30Jul2021,73,0
17-05-2021,1196.1,1191.9,1199.0,1191.9,20,-0.14%,136,30Jul2021,74,0
14-05-2021,1197.8,1199.0,1202.8,1193.4,61,-0.09%,134,30Jul2021,77,0
13-05-2021,1198.9,1195.0,1200.7,1195.0,9,-0.38%,85,30Jul2021,78,0
12-05-2021,1203.5,1200.0,1204.4,1191.4,62,1.33%,85,30Jul2021,79,0
11-05-2021,1187.7,1190.6,1200.0,1184.0,81,0.61%,54,30Jul2021,80,0
10-05-2021,1180.5,1170.0,1190.0,1164.0,15,1.54%,8,30Jul2021,81,0
07-05-2021,1162.6,1150.6,1170.0,1150.6,7,1.27%,4,30Jul2021,84,0
06-05-2021,1148.0,1148.0,1148.0,1148.0,1,1.59%,1,30Jul2021,85,0
05-05-2021,1130.0,0.0,0.0,0.0,0,2.12%,1,30Jul2021,86,0
04-05-2021,1106.5,1100.0,1115.8,1100.0,4,0.50%,1,30Jul2021,87,0
03-05-2021,1101.0,1091.0,1105.0,1091.0,7,-0.78%,3,30Jul2021,88,1
30-04-2021,1109.7,1132.6,1135.0,1105.0,511,-2.10%,691,30Jun2021,61,0
29-04-2021,1133.5,1140.0,1144.0,1131.9,415,-0.90%,782,30Jun2021,62,0
28-04-2021,1143.8,1123.9,1147.6,1120.0,623,0.55%,893,30Jun2021,63,0
27-04-2021,1137.6,1133.0,1164.0,1130.4,269,2.04%,721,30Jun2021,64,0
26-04-2021,1114.9,1105.8,1124.7,1092.7,276,0.30%,678,30Jun2021,65,0
23-04-2021,1111.6,1144.0,1152.5,1101.0,480,-3.06%,609,30Jun2021,68,0
22-04-2021,1146.7,1147.0,1148.0,1136.5,108,0.84%,482,30Jun2021,69,0
21-04-2021,1137.1,1130.0,1139.5,1122.3,154,1.17%,499,30Jun2021,70,0
20-04-2021,1123.9,1100.1,1126.8,1100.1,223,2.46%,429,30Jun2021,71,0
19-04-2021,1096.9,1095.6,1101.1,1081.8,217,-0.38%,418,30Jun2021,72,0
16-04-2021,1101.1,1082.9,1102.0,1082.9,224,2.19%,313,30Jun2021,75,0
15-04-2021,1077.5,1073.8,1082.0,1066.1,18,0.24%,304,30Jun2021,76,0
14-04-2021,1074.9,1065.0,1078.0,1062.5,76,1.46%,308,30Jun2021,77,0
13-04-2021,1059.4,1050.0,1062.0,1039.2,101,0.81%,285,30Jun2021,78,0
12-04-2021,1050.9,1064.0,1064.0,1043.0,80,-1.25%,267,30Jun2021,79,0
09-04-2021,1064.2,1080.0,1080.0,1039.0,57,-0.45%,275,30Jun2021,82,0
08-04-2021,1069.0,1053.0,1073.4,1052.5,40,1.46%,274,30Jun2021,83,0
07-04-2021,1053.6,1075.0,1075.5,1052.0,126,-2.08%,272,30Jun2021,84,0
06-04-2021,1076.0,1053.0,1079.5,1047.0,87,2.51%,178,30Jun2021,85,0
05-04-2021,1049.7,1058.9,1061.0,1047.0,78,0.66%,113,30Jun2021,86,0
01-04-2021,1042.8,1041.7,1046.0,1037.0,19,-0.54%,67,30Jun2021,90,1
31-03-2021,1048.5,1028.0,1052.2,1018.6,460,2.19%,1265,31May2021,61,0
30-03-2021,1026.0,1037.9,1039.4,1017.5,290,-1.40%,1195,31May2021,62,0
29-03-2021,1040.6,1047.0,1051.4,1037.4,38,0.38%,1210,31May2021,63,0
26-03-2021,1036.7,1021.0,1048.5,1021.0,395,-0.13%,1205,31May2021,66,0
25-03-2021,1038.1,1070.0,1075.0,1036.3,247,-2.83%,1198,31May2021,67,0
24-03-2021,1068.3,1062.7,1070.0,1055.5,231,0.20%,1173,31May2021,68,0
23-03-2021,1066.2,1103.0,1113.0,1060.0,614,-1.79%,1101,31May2021,69,0
22-03-2021,1085.6,1061.5,1087.0,1061.5,384,2.14%,911,31May2021,70,0
19-03-2021,1062.9,1030.1,1064.0,1023.0,310,1.69%,755,31May2021,73,0
18-03-2021,1045.2,1065.0,1066.3,1043.0,819,-3.11%,775,31May2021,74,0
17-03-2021,1078.7,1088.0,1098.0,1075.0,198,-1.62%,542,31May2021,75,0
16-03-2021,1096.5,1112.0,1114.5,1085.0,228,-1.15%,499,31May2021,76,0
15-03-2021,1109.3,1098.7,1113.5,1097.5,220,1.15%,465,31May2021,77,0
12-03-2021,1096.7,1107.9,1112.5,1092.4,100,-1.13%,437,31May2021,80,0
11-03-2021,1109.2,1090.0,1112.8,1090.0,515,2.95%,412,31May2021,81,0
10-03-2021,1077.4,1075.5,1085.0,1072.5,136,-0.03%,333,31May2021,82,0
09-03-2021,1077.7,1067.3,1080.0,1043.0,53,0.92%,287,31May2021,83,0
08-03-2021,1067.9,1070.8,1074.8,1063.0,95,1.91%,274,31May2021,84,0
05-03-2021,1047.9,1021.0,1051.6,1016.4,79,3.47%,211,31May2021,87,0
04-03-2021,1012.8,1012.5,1018.5,1005.9,42,1.25%,206,31May2021,88,0
03-03-2021,1000.3,1012.7,1018.3,997.0,109,-1.54%,197,31May2021,89,0
02-03-2021,1015.9,1013.3,1020.0,1010.5,108,-0.68%,143,31May2021,90,0
01-03-2021,1022.9,1037.5,1045.0,1022.1,75,-2.47%,72,31May2021,91,1
26-02-2021,1048.8,1046.2,1054.9,1041.1,1460,0.09%,2272,30Apr2021,63,0
25-02-2021,1047.9,1046.0,1056.1,1042.2,864,1.13%,1611,30Apr2021,64,0
24-02-2021,1036.2,1045.0,1045.0,1022.0,727,-0.70%,1577,30Apr2021,65,0
23-02-2021,1043.5,1025.2,1045.0,1023.0,322,2.63%,1314,30Apr2021,66,0
22-02-2021,1016.8,1018.0,1020.3,1012.5,113,0.89%,1282,30Apr2021,67,0
19-02-2021,1007.8,1005.0,1010.0,997.1,292,0.82%,1260,30Apr2021,70,0
18-02-2021,999.6,1001.0,1007.0,993.3,210,-0.11%,1238,30Apr2021,71,0
17-02-2021,1000.7,1009.0,1015.0,999.7,639,-0.02%,1143,30Apr2021,72,0
16-02-2021,1000.9,1003.0,1005.9,995.8,315,0.24%,953,30Apr2021,73,0
15-02-2021,998.5,990.3,1002.4,986.2,245,1.73%,913,30Apr2021,74,0
12-02-2021,981.5,977.1,985.0,977.1,203,0.20%,892,30Apr2021,77,0
11-02-2021,979.5,965.4,980.4,965.0,231,0.48%,882,30Apr2021,78,0
10-02-2021,974.8,975.5,990.3,969.0,365,-0.82%,890,30Apr2021,79,0
09-02-2021,982.9,979.6,987.0,977.4,176,1.38%,741,30Apr2021,80,0
08-02-2021,969.5,960.0,970.0,960.0,128,1.13%,671,30Apr2021,81,0
05-02-2021,958.7,954.0,959.9,946.4,351,0.98%,626,30Apr2021,84,0
04-02-2021,949.4,955.0,964.0,943.6,345,-0.71%,356,30Apr2021,85,0
03-02-2021,956.2,959.0,960.0,941.0,96,-2.00%,105,30Apr2021,86,0
02-02-2021,975.7,972.5,980.0,971.0,24,0.64%,57,30Apr2021,87,0
01-02-2021,969.5,966.5,978.9,965.0,17,0.45%,47,30Apr2021,88,1
29-01-2021,965.2,954.3,973.6,954.3,1041,0.83%,2568,31Mar2021,61,0
28-01-2021,957.3,935.0,964.7,927.2,805,1.67%,2341,31Mar2021,62,0
27-01-2021,941.6,919.0,945.7,917.6,1421,3.54%,2000,31Mar2021,63,0
25-01-2021,909.4,899.5,910.8,890.8,581,-0.03%,1509,31Mar2021,65,0
22-01-2021,909.7,913.1,921.0,903.0,556,-1.75%,1364,31Mar2021,68,0
21-01-2021,925.9,929.4,932.5,919.1,530,0.15%,1253,31Mar2021,69,0
20-01-2021,924.5,902.1,927.7,889.6,512,1.68%,1101,31Mar2021,70,0
19-01-2021,909.2,930.5,932.5,908.0,205,-2.90%,890,31Mar2021,71,0
18-01-2021,936.4,920.0,936.9,917.2,326,0.80%,887,31Mar2021,72,0
15-01-2021,929.0,947.8,952.3,917.1,369,-1.64%,853,31Mar2021,75,0
14-01-2021,944.5,957.4,957.4,925.6,458,-2.02%,953,31Mar2021,76,0
13-01-2021,964.0,977.0,977.0,964.0,449,-0.76%,938,31Mar2021,77,0
12-01-2021,971.4,970.8,979.5,967.5,137,-0.09%,672,31Mar2021,78,0
11-01-2021,972.3,975.0,980.0,970.0,294,-1.32%,606,31Mar2021,79,0
08-01-2021,985.3,981.0,996.0,972.2,387,1.13%,540,31Mar2021,82,0
07-01-2021,974.3,988.3,991.2,962.0,371,-1.52%,479,31Mar2021,83,0
06-01-2021,989.3,992.0,999.0,982.6,485,1.31%,364,31Mar2021,84,0
05-01-2021,976.5,948.0,983.8,946.0,233,2.63%,284,31Mar2021,85,0
04-01-2021,951.5,964.0,970.0,933.3,81,0.92%,210,31Mar2021,86,0
01-01-2021,942.8,931.0,944.5,931.0,52,-2.30%,211,31Mar2021,89,1
31-12-2020,965.0,958.5,967.0,957.1,631,0.47%,2741,26Feb2021,57,0
30-12-2020,960.5,961.0,962.0,955.0,383,0.17%,2695,26Feb2021,58,0
29-12-2020,958.9,950.4,959.6,946.2,397,0.44%,2596,26Feb2021,59,0
28-12-2020,954.7,952.9,959.9,949.3,793,0.52%,2562,26Feb2021,60,0
24-12-2020,949.8,961.6,962.0,948.5,687,-0.27%,2485,26Feb2021,64,0
23-12-2020,952.4,933.0,953.0,933.0,763,1.98%,2353,26Feb2021,65,0
22-12-2020,933.9,935.0,940.0,920.0,823,0.79%,2151,26Feb2021,66,0
21-12-2020,926.6,930.0,934.6,910.0,715,-0.56%,1795,26Feb2021,67,0
18-12-2020,931.8,928.2,938.0,926.0,540,0.95%,1558,26Feb2021,70,0
17-12-2020,923.0,922.0,926.1,914.5,289,0.33%,1392,26Feb2021,71,0
16-12-2020,920.0,918.6,923.0,917.5,140,1.03%,1315,26Feb2021,72,0
15-12-2020,910.6,912.9,921.6,909.9,259,-0.46%,1275,26Feb2021,73,0
14-12-2020,914.8,908.1,917.3,906.5,237,1.32%,1158,26Feb2021,74,0
11-12-2020,902.9,897.5,913.9,896.2,1030,0.09%,1107,26Feb2021,77,0
10-12-2020,902.1,885.0,902.7,880.3,572,2.04%,658,26Feb2021,78,0
09-12-2020,884.1,890.3,890.4,878.4,691,-0.47%,534,26Feb2021,79,0
08-12-2020,888.3,899.4,899.4,888.0,112,-0.59%,214,26Feb2021,80,0
07-12-2020,893.6,892.4,903.0,892.0,38,-0.29%,145,26Feb2021,81,0
04-12-2020,896.2,885.5,900.5,885.5,148,1.59%,144,26Feb2021,84,0
03-12-2020,882.2,866.0,883.4,866.0,50,1.23%,73,26Feb2021,85,0
02-12-2020,871.5,877.8,877.8,871.0,40,-1.32%,43,26Feb2021,86,0
01-12-2020,883.2,876.0,886.0,876.0,24,0.80%,32,26Feb2021,87,0
30-11-2020,876.2,877.9,880.2,871.4,11,-1.21%,25,26Feb2021,88,1
27-11-2020,886.9,856.0,890.0,853.6,2124,2.53%,2472,29Jan2021,63,0
26-11-2020,865.0,895.0,899.0,860.4,1132,-3.48%,1875,29Jan2021,64,0
25-11-2020,896.2,901.1,903.0,892.1,594,0.11%,1714,29Jan2021,65,0
24-11-2020,895.2,910.5,913.5,889.2,532,-2.50%,1567,29Jan2021,66,0
23-11-2020,918.2,912.3,920.2,900.0,444,-0.07%,1427,29Jan2021,67,0
20-11-2020,918.8,927.3,927.9,914.2,931,-0.31%,1503,29Jan2021,70,0
19-11-2020,921.7,933.9,938.0,921.1,370,-0.67%,1137,29Jan2021,71,0
18-11-2020,927.9,905.1,928.4,893.3,430,2.71%,1003,29Jan2021,72,0
17-11-2020,903.4,910.0,912.0,899.0,649,-0.22%,1010,29Jan2021,73,0
16-11-2020,905.4,901.0,907.5,899.2,224,-0.15%,805,29Jan2021,74,0
14-11-2020,906.8,901.0,908.0,901.0,216,0.80%,710,29Jan2021,76,0
13-11-2020,899.6,886.0,904.0,886.0,483,0.74%,648,29Jan2021,77,0
12-11-2020,893.0,880.0,894.4,879.8,617,1.22%,598,29Jan2021,78,0
11-11-2020,882.2,883.0,885.9,877.0,379,1.12%,556,29Jan2021,79,0
10-11-2020,872.4,871.0,876.3,867.0,247,-0.31%,538,29Jan2021,80,0
09-11-2020,875.1,868.5,878.3,863.0,195,1.19%,486,29Jan2021,81,0
06-11-2020,864.8,859.5,865.4,854.4,132,0.31%,449,29Jan2021,84,0
05-11-2020,862.1,852.4,862.2,849.0,284,2.62%,392,29Jan2021,85,0
04-11-2020,840.1,834.0,842.0,824.3,161,1.28%,305,29Jan2021,86,0
03-11-2020,829.5,817.4,830.0,816.5,260,2.34%,250,29Jan2021,87,0
02-11-2020,810.5,801.0,810.9,798.1,169,-0.23%,148,29Jan2021,88,1
30-10-2020,812.4,816.1,820.8,810.1,503,-0.09%,1705,31Dec2020,62,0
29-10-2020,813.1,806.4,814.5,806.4,569,0.87%,1486,31Dec2020,63,0
28-10-2020,806.1,810.0,819.0,803.7,317,-0.65%,1259,31Dec2020,64,0
27-10-2020,811.4,806.5,816.0,803.1,698,0.31%,1236,31Dec2020,65,0
26-10-2020,808.9,800.0,813.5,799.5,396,2.38%,1190,31Dec2020,66,0
23-10-2020,790.1,793.2,794.8,789.0,359,-0.59%,1110,31Dec2020,69,0
22-10-2020,794.8,781.4,798.0,780.9,347,2.11%,1023,31Dec2020,70,0
21-10-2020,778.4,788.0,790.2,778.1,202,-0.19%,925,31Dec2020,71,0
20-10-2020,779.9,774.0,780.7,773.5,204,1.13%,867,31Dec2020,72,0
19-10-2020,771.2,775.0,777.4,767.3,144,-1.43%,829,31Dec2020,73,0
16-10-2020,782.4,779.6,790.8,778.0,199,0.71%,775,31Dec2020,76,0
15-10-2020,776.9,794.0,796.5,770.0,95,-2.75%,716,31Dec2020,77,0
14-10-2020,798.9,799.3,801.5,788.0,259,0.31%,739,31Dec2020,78,0
13-10-2020,796.4,791.5,798.5,790.0,126,1.22%,614,31Dec2020,79,0
12-10-2020,786.8,797.0,801.8,786.1,145,0.28%,590,31Dec2020,80,0
09-10-2020,784.6,775.5,790.0,775.5,504,1.78%,558,31Dec2020,83,0
08-10-2020,770.9,760.0,773.6,759.9,174,1.43%,367,31Dec2020,84,0
07-10-2020,760.0,760.0,767.9,760.0,79,0.41%,309,31Dec2020,85,0
06-10-2020,756.9,756.0,761.4,750.7,183,1.42%,268,31Dec2020,86,0
05-10-2020,746.3,739.8,751.2,738.1,31,-0.35%,213,31Dec2020,87,0
01-10-2020,748.9,750.0,757.0,747.0,268,0.31%,222,31Dec2020,91,1
30-09-2020,746.6,743.5,747.7,740.2,605,0.20%,1866,27Nov2020,58,0
29-09-2020,745.1,756.0,763.7,743.2,558,-1.81%,1728,27Nov2020,59,0
28-09-2020,758.8,761.0,762.0,752.0,678,-0.16%,1719,27Nov2020,60,0
25-09-2020,760.0,744.6,761.8,740.9,876,2.74%,1346,27Nov2020,63,0
24-09-2020,739.7,755.0,760.0,737.5,740,-3.48%,1321,27Nov2020,64,0
23-09-2020,766.4,784.2,785.9,763.9,357,-2.54%,1064,27Nov2020,65,0
22-09-2020,786.4,792.8,794.0,783.0,523,-0.94%,969,27Nov2020,66,0
21-09-2020,793.9,803.4,815.9,790.0,497,-1.32%,720,27Nov2020,67,0
18-09-2020,804.5,803.0,806.8,794.3,303,1.75%,644,27Nov2020,70,0
17-09-2020,790.7,794.0,797.7,784.4,178,-0.15%,570,27Nov2020,71,0
16-09-2020,791.9,775.2,794.6,774.8,122,1.88%,442,27Nov2020,72,0
15-09-2020,777.3,781.3,782.6,774.6,75,-0.21%,437,27Nov2020,73,0
14-09-2020,778.9,774.0,779.4,771.5,227,2.10%,449,27Nov2020,74,0
11-09-2020,762.9,760.1,764.1,759.3,249,-0.01%,442,27Nov2020,77,0
10-09-2020,763.0,758.0,767.9,758.0,167,0.29%,337,27Nov2020,78,0
09-09-2020,760.8,761.9,767.3,758.9,37,-0.65%,260,27Nov2020,79,0
08-09-2020,765.8,766.0,770.7,762.6,110,0.30%,247,27Nov2020,80,0
07-09-2020,763.5,761.1,764.9,754.0,162,0.73%,223,27Nov2020,81,0
04-09-2020,758.0,770.0,770.4,757.2,100,-1.31%,166,27Nov2020,84,0
03-09-2020,768.1,774.0,780.5,765.1,118,0.08%,92,27Nov2020,85,0
02-09-2020,767.5,760.0,768.9,760.0,29,1.12%,44,27Nov2020,86,0
01-09-2020,759.0,765.3,767.1,759.0,25,-0.81%,23,27Nov2020,87,1
31-08-2020,765.2,766.5,773.9,757.6,272,0.42%,2145,30Oct2020,60,0
28-08-2020,762.0,775.1,775.1,761.0,758,-0.92%,2153,30Oct2020,63,0
27-08-2020,769.1,757.3,769.9,757.0,775,1.57%,2021,30Oct2020,64,0
26-08-2020,757.2,745.5,758.8,744.9,581,1.24%,1585,30Oct2020,65,0
25-08-2020,747.9,753.0,753.0,742.9,413,-0.58%,1338,30Oct2020,66,0
24-08-2020,752.3,749.2,757.0,748.0,430,0.03%,1213,30Oct2020,67,0
21-08-2020,752.1,742.0,753.2,741.5,206,1.42%,1017,30Oct2020,70,0
20-08-2020,741.6,745.0,745.0,739.0,236,-1.01%,1003,30Oct2020,71,0
19-08-2020,749.2,748.7,753.9,746.9,225,0.98%,918,30Oct2020,72,0
18-08-2020,741.9,732.6,746.5,732.6,364,0.95%,886,30Oct2020,73,0
17-08-2020,734.9,733.8,735.7,731.3,178,0.95%,719,30Oct2020,74,0
14-08-2020,728.0,729.0,735.0,721.2,241,0.01%,676,30Oct2020,77,0
13-08-2020,727.9,736.5,739.9,727.0,142,-0.16%,581,30Oct2020,78,0
12-08-2020,729.1,711.4,729.5,710.6,258,2.20%,548,30Oct2020,79,0
11-08-2020,713.4,731.0,731.0,710.4,426,-1.68%,462,30Oct2020,80,0
10-08-2020,725.6,732.5,732.5,724.9,48,-0.59%,158,30Oct2020,81,0
07-08-2020,729.9,734.5,739.8,729.0,37,-0.91%,124,30Oct2020,84,0
06-08-2020,736.6,731.1,744.2,730.6,52,1.28%,117,30Oct2020,85,0
05-08-2020,727.3,731.0,731.4,725.8,34,-0.93%,78,30Oct2020,86,0
04-08-2020,734.1,737.0,743.0,730.9,105,0.36%,77,30Oct2020,87,0
03-08-2020,731.5,731.0,732.0,730.9,4,0.67%,4,30Oct2020,88,1
31-07-2020,726.6,724.5,728.1,721.0,327,0.89%,3001,30Sep2020,61,0
30-07-2020,720.2,712.9,722.5,708.2,599,1.29%,3001,30Sep2020,62,0
29-07-2020,711.0,705.1,714.1,700.1,264,1.20%,2856,30Sep2020,63,0
28-07-2020,702.6,703.5,706.2,695.8,1012,-1.43%,2858,30Sep2020,64,0
27-07-2020,712.8,715.6,715.6,703.5,1068,-1.15%,2283,30Sep2020,65,0
24-07-2020,721.1,721.9,732.6,718.0,224,-0.28%,1765,30Sep2020,68,0
23-07-2020,723.1,714.0,724.1,712.9,718,1.09%,1739,30Sep2020,69,0
22-07-2020,715.3,730.0,732.0,715.0,847,-0.87%,1606,30Sep2020,70,0
21-07-2020,721.6,713.0,726.1,711.1,609,0.95%,1415,30Sep2020,71,0
20-07-2020,714.8,709.0,718.7,708.5,446,1.46%,1203,30Sep2020,72,0
17-07-2020,704.5,697.3,706.7,695.0,143,1.87%,944,30Sep2020,75,0
16-07-2020,691.6,695.4,695.4,682.0,211,0.52%,887,30Sep2020,76,0
15-07-2020,688.0,685.9,690.9,680.0,169,1.31%,859,30Sep2020,77,0
14-07-2020,679.1,663.0,683.3,663.0,236,2.35%,824,30Sep2020,78,0
13-07-2020,663.5,672.0,674.6,661.9,90,-0.55%,743,30Sep2020,79,0
10-07-2020,667.2,657.8,668.0,655.5,360,0.68%,717,30Sep2020,82,0
09-07-2020,662.7,663.6,668.2,661.1,163,-0.09%,623,30Sep2020,83,0
08-07-2020,663.3,658.0,665.3,657.8,148,1.16%,562,30Sep2020,84,0
07-07-2020,655.7,656.9,657.6,650.9,50,-0.97%,516,30Sep2020,85,0
06-07-2020,662.1,658.6,662.3,657.0,193,1.35%,493,30Sep2020,86,0
03-07-2020,653.3,657.0,657.0,640.7,291,0.57%,431,30Sep2020,89,0
02-07-2020,649.6,647.1,653.4,647.0,178,0.65%,324,30Sep2020,90,0
01-07-2020,645.4,631.0,647.4,631.0,333,1.75%,247,30Sep2020,91,1
30-06-2020,634.3,641.0,643.0,626.0,403,-0.35%,1000,31Aug2020,62,0
29-06-2020,636.5,641.0,641.0,627.0,401,-2.06%,866,31Aug2020,63,0
26-06-2020,649.9,659.5,660.2,645.8,207,-0.96%,780,31Aug2020,66,0
25-06-2020,656.2,652.5,661.6,645.0,553,0.00%,704,31Aug2020,67,0
24-06-2020,656.2,682.9,683.0,655.6,457,-3.91%,565,31Aug2020,68,0
23-06-2020,682.9,687.0,690.8,680.0,141,-0.61%,397,31Aug2020,69,0
22-06-2020,687.1,680.0,688.0,680.0,145,1.22%,381,31Aug2020,70,0
19-06-2020,678.8,669.8,681.1,667.0,114,2.65%,373,31Aug2020,73,0
18-06-2020,661.3,653.0,663.0,651.0,191,1.33%,378,31Aug2020,74,0
17-06-2020,652.6,650.0,655.3,648.0,73,-0.24%,267,31Aug2020,75,0
16-06-2020,654.2,657.9,658.0,650.0,111,0.49%,239,31Aug2020,76,0
15-06-2020,651.0,655.4,660.5,649.8,76,-0.57%,229,31Aug2020,77,0
12-06-2020,654.7,650.7,661.0,650.7,170,-0.21%,193,31Aug2020,80,0
11-06-2020,656.1,658.0,665.0,655.7,60,-1.26%,122,31Aug2020,81,0
10-06-2020,664.5,659.6,668.5,655.5,124,0.73%,102,31Aug2020,82,0
09-06-2020,659.7,665.0,665.0,655.0,121,2.15%,93,31Aug2020,83,0
08-06-2020,645.8,635.2,646.6,634.7,21,2.05%,84,31Aug2020,84,0
05-06-2020,632.8,642.0,642.0,630.0,33,-0.72%,91,31Aug2020,87,0
04-06-2020,637.4,635.0,639.0,633.0,56,-1.18%,92,31Aug2020,88,0
03-06-2020,645.0,645.0,650.0,636.7,54,0.06%,69,31Aug2020,89,0
02-06-2020,644.6,636.0,648.8,632.6,78,2.32%,52,31Aug2020,90,0
01-06-2020,630.0,630.0,638.3,625.6,34,0.13%,22,31Aug2020,91,1
29-05-2020,629.2,619.2,631.0,618.0,373,1.71%,665,31Jul2020,63,0
28-05-2020,618.6,620.3,624.0,612.4,366,-1.31%,628,31Jul2020,64,0
27-05-2020,626.8,610.8,628.0,610.8,236,3.36%,664,31Jul2020,65,0
26-05-2020,606.4,604.0,607.3,604.0,64,2.09%,656,31Jul2020,66,0
25-05-2020,594.0,0.0,0.0,0.0,0,0.00%,624,31Jul2020,67,0
22-05-2020,594.0,589.0,595.7,587.0,189,-0.08%,624,31Jul2020,70,0
21-05-2020,594.5,591.7,595.0,588.0,101,1.36%,534,31Jul2020,71,0
20-05-2020,586.5,583.0,588.9,579.0,429,-0.54%,470,31Jul2020,72,0
19-05-2020,589.7,589.0,594.0,586.0,66,-0.24%,318,31Jul2020,73,0
18-05-2020,591.1,588.0,596.5,585.0,109,2.57%,294,31Jul2020,74,0
15-05-2020,576.3,583.5,583.5,575.4,153,0.38%,260,31Jul2020,77,0
14-05-2020,574.1,585.9,590.0,572.6,119,-1.86%,198,31Jul2020,78,0
13-05-2020,585.0,580.0,591.4,580.0,20,1.54%,134,31Jul2020,79,0
12-05-2020,576.1,570.1,576.8,564.4,56,-0.23%,130,31Jul2020,80,0
11-05-2020,577.4,569.9,581.5,569.9,52,1.35%,99,31Jul2020,81,0
08-05-2020,569.7,565.8,574.6,565.8,52,1.97%,84,31Jul2020,84,0
07-05-2020,558.7,557.4,563.0,555.4,29,-0.09%,63,31Jul2020,85,0
06-05-2020,559.2,564.0,570.4,556.8,69,-1.31%,58,31Jul2020,86,0
05-05-2020,566.6,573.8,578.0,565.0,30,-2.02%,35,31Jul2020,87,0
04-05-2020,578.3,585.0,585.0,576.6,15,-2.12%,26,31Jul2020,88,0
01-05-2020,590.8,0.0,0.0,0.0,0,-1.60%,13,31Jul2020,91,1
30-04-2020,600.4,596.6,602.4,591.6,181,1.92%,975,30Jun2020,61,0
29-04-2020,589.1,597.0,597.0,584.0,256,-0.37%,948,30Jun2020,62,0
28-04-2020,591.3,586.0,595.0,586.0,214,-0.12%,941,30Jun2020,63,0
27-04-2020,592.0,604.0,604.0,590.0,148,-3.63%,892,30Jun2020,64,0
24-04-2020,614.3,607.0,617.4,602.0,281,0.66%,822,30Jun2020,67,0
23-04-2020,610.3,611.0,611.9,600.4,176,0.91%,809,30Jun2020,68,0
22-04-2020,604.8,617.8,619.0,600.1,530,-3.25%,810,30Jun2020,69,0
21-04-2020,625.1,631.1,631.1,624.6,12,-3.92%,870,30Jun2020,70,0
20-04-2020,650.6,667.4,667.5,647.5,58,-0.96%,875,30Jun2020,71,0
17-04-2020,656.9,659.0,659.3,654.5,80,-0.17%,862,30Jun2020,74,0
16-04-2020,658.0,667.8,670.9,656.9,313,-0.41%,833,30Jun2020,75,0
15-04-2020,660.7,662.9,666.5,658.8,238,2.16%,606,30Jun2020,76,0
13-04-2020,646.7,644.0,652.0,644.0,56,1.52%,496,30Jun2020,78,0
09-04-2020,637.0,653.6,653.7,636.9,416,-0.53%,490,30Jun2020,82,0
08-04-2020,640.4,640.5,646.5,638.0,196,1.12%,269,30Jun2020,83,0
07-04-2020,633.3,635.5,638.4,632.5,167,2.15%,143,30Jun2020,84,0
03-04-2020,620.0,619.9,620.0,619.9,2,-2.97%,25,30Jun2020,88,0
01-04-2020,639.0,669.0,669.0,636.3,27,-2.93%,26,30Jun2020,90,1
31-03-2020,658.3,661.0,661.0,653.0,157,-1.42%,2420,29May2020,59,0
30-03-2020,667.8,655.0,669.0,653.2,401,2.98%,2396,29May2020,60,0
27-03-2020,648.5,648.5,650.7,642.4,660,0.76%,2296,29May2020,63,0
26-03-2020,643.6,652.0,652.0,637.0,259,-0.16%,2312,29May2020,64,0
25-03-2020,644.6,654.9,661.4,643.5,358,0.16%,2313,29May2020,65,0
24-03-2020,643.6,649.9,661.0,637.1,395,0.02%,2421,29May2020,66,0
23-03-2020,643.5,643.6,661.9,632.0,540,-0.26%,2472,29May2020,67,0
20-03-2020,645.2,642.7,646.8,619.8,486,1.00%,2277,29May2020,70,0
19-03-2020,638.8,612.5,639.7,609.0,813,3.85%,2143,29May2020,71,0
18-03-2020,615.1,629.7,635.8,613.0,984,0.61%,2032,29May2020,72,0
17-03-2020,611.4,601.0,615.4,598.0,1367,3.31%,1984,29May2020,73,0
16-03-2020,591.8,605.0,612.1,582.4,606,-2.44%,1261,29May2020,74,0
13-03-2020,606.6,578.7,618.4,575.0,671,2.00%,1001,29May2020,77,0
12-03-2020,594.7,600.1,605.0,593.9,652,-3.86%,843,29May2020,78,0
11-03-2020,618.6,636.0,636.4,613.5,276,-2.09%,522,29May2020,79,0
10-03-2020,631.8,638.6,640.2,630.3,26,-0.35%,445,29May2020,80,0
09-03-2020,634.0,634.6,637.0,628.1,397,-3.09%,422,29May2020,81,0
06-03-2020,654.2,657.0,660.0,653.5,80,-2.08%,184,29May2020,84,0
05-03-2020,668.1,666.5,683.9,660.8,245,-0.42%,181,29May2020,85,0
04-03-2020,670.9,650.0,672.1,649.5,405,3.81%,189,29May2020,86,0
03-03-2020,646.3,624.9,650.1,620.9,157,2.60%,98,29May2020,87,0
02-03-2020,629.9,649.0,649.0,625.5,36,-2.63%,72,29May2020,88,1
28-02-2020,646.9,656.0,657.0,643.0,549,-2.81%,2638,30Apr2020,62,0
27-02-2020,665.6,667.1,681.1,664.9,613,-0.33%,2589,30Apr2020,63,0
26-02-2020,667.8,671.0,675.1,663.5,478,0.09%,2415,30Apr2020,64,0
25-02-2020,667.2,676.8,681.5,665.1,695,-2.20%,2180,30Apr2020,65,0
24-02-2020,682.2,692.0,694.0,680.8,650,-2.15%,1805,30Apr2020,66,0
21-02-2020,697.2,689.1,699.7,689.1,86,2.00%,1324,30Apr2020,69,0
20-02-2020,683.5,687.5,690.0,673.0,235,-0.42%,1283,30Apr2020,70,0
19-02-2020,686.4,703.5,709.0,684.0,252,-3.08%,1270,30Apr2020,71,0
18-02-2020,708.2,699.5,709.5,696.9,242,0.81%,1254,30Apr2020,72,0
17-02-2020,702.5,708.3,710.5,700.0,124,-0.58%,1096,30Apr2020,73,0
14-02-2020,706.6,714.6,720.0,704.6,118,-1.04%,1027,30Apr2020,76,0
13-02-2020,714.0,723.0,731.5,707.0,281,-1.98%,979,30Apr2020,77,0
12-02-2020,728.4,712.0,730.8,711.6,310,0.90%,919,30Apr2020,78,0
11-02-2020,721.9,736.2,739.3,714.0,391,-1.59%,803,30Apr2020,79,0
10-02-2020,733.6,746.4,747.0,730.7,77,-1.33%,660,30Apr2020,80,0
07-02-2020,743.5,747.8,754.8,738.8,138,-0.11%,657,30Apr2020,83,0
06-02-2020,744.3,754.3,762.0,741.1,444,-1.47%,627,30Apr2020,84,0
05-02-2020,755.4,742.7,762.0,740.0,348,3.10%,443,30Apr2020,85,0
04-02-2020,732.7,714.1,734.5,714.1,42,2.73%,278,30Apr2020,86,0
03-02-2020,713.2,727.0,727.0,710.4,30,-2.61%,282,30Apr2020,87,0
01-02-2020,732.3,738.0,739.5,718.0,27,-0.71%,262,30Apr2020,89,1
31-01-2020,737.5,736.1,740.0,734.5,206,-0.35%,1918,31Mar2020,60,0
30-01-2020,740.1,751.1,754.0,737.3,1024,-2.25%,1878,31Mar2020,61,0
29-01-2020,757.1,768.0,771.0,755.0,263,0.99%,1632,31Mar2020,62,0
28-01-2020,749.7,724.7,764.5,724.5,847,1.00%,1589,31Mar2020,63,0
27-01-2020,742.3,754.7,761.4,734.5,646,-2.83%,1354,31Mar2020,64,0
24-01-2020,763.9,779.4,780.0,762.5,438,-2.48%,1167,31Mar2020,67,0
23-01-2020,783.3,785.5,788.5,778.0,362,-0.66%,1011,31Mar2020,68,0
22-01-2020,788.5,775.2,789.8,765.1,392,1.87%,1001,31Mar2020,69,0
21-01-2020,774.0,780.1,788.0,772.8,255,-2.37%,887,31Mar2020,70,0
20-01-2020,792.8,783.4,793.9,779.0,228,2.34%,887,31Mar2020,71,0
17-01-2020,774.7,790.1,790.1,768.5,194,-1.41%,851,31Mar2020,74,0
16-01-2020,785.8,802.5,802.5,779.1,483,-2.15%,849,31Mar2020,75,0
15-01-2020,803.1,823.5,826.0,797.0,210,-2.23%,660,31Mar2020,76,0
14-01-2020,821.4,832.3,832.4,816.0,359,-1.65%,642,31Mar2020,77,0
13-01-2020,835.2,839.6,841.6,830.5,220,-1.01%,541,31Mar2020,78,0
10-01-2020,843.7,832.8,845.8,832.8,533,1.25%,516,31Mar2020,81,0
09-01-2020,833.3,838.8,841.5,831.1,429,0.45%,417,31Mar2020,82,0
08-01-2020,829.6,807.3,834.5,805.7,317,2.36%,286,31Mar2020,83,0
07-01-2020,810.5,805.3,811.7,801.9,58,1.76%,102,31Mar2020,84,0
06-01-2020,796.5,807.0,807.0,788.8,35,-2.04%,82,31Mar2020,85,0
03-01-2020,813.1,818.6,818.6,808.0,5,-1.06%,81,31Mar2020,88,0
02-01-2020,821.8,809.3,824.0,803.5,59,1.72%,81,31Mar2020,89,0
01-01-2020,807.9,791.0,810.0,791.0,32,1.55%,54,31Mar2020,90,1
31-12-2019,795.6,819.2,821.0,794.0,875,-2.00%,1426,28Feb2020,59,0
30-12-2019,811.8,795.1,814.5,795.1,501,1.08%,1413,28Feb2020,60,0
27-12-2019,803.1,793.6,813.1,778.1,1244,1.72%,1244,28Feb2020,63,0
26-12-2019,789.5,764.6,791.4,764.5,390,3.75%,1041,28Feb2020,64,0
24-12-2019,761.0,751.1,762.8,746.5,432,1.44%,993,28Feb2020,66,0
23-12-2019,750.2,751.6,753.3,748.5,162,0.09%,922,28Feb2020,67,0
20-12-2019,749.5,750.1,752.1,742.7,231,0.04%,890,28Feb2020,70,0
19-12-2019,749.2,728.8,750.7,727.0,479,2.38%,867,28Feb2020,71,0
18-12-2019,731.8,732.2,738.5,728.5,402,-0.75%,668,28Feb2020,72,0
17-12-2019,737.3,739.0,741.0,730.0,397,0.19%,540,28Feb2020,73,0
16-12-2019,735.9,723.8,737.0,720.9,115,1.60%,602,28Feb2020,74,0
13-12-2019,724.3,734.3,736.5,722.4,426,-0.86%,544,28Feb2020,77,0
12-12-2019,730.6,715.5,731.5,715.5,172,2.31%,380,28Feb2020,78,0
11-12-2019,714.1,715.7,724.0,712.8,228,-0.96%,401,28Feb2020,79,0
10-12-2019,721.0,724.0,725.0,715.4,294,-1.00%,447,28Feb2020,80,0
09-12-2019,728.3,721.4,730.0,714.5,427,2.26%,430,28Feb2020,81,0
06-12-2019,712.2,700.0,712.9,696.0,352,2.25%,392,28Feb2020,84,0
05-12-2019,696.5,694.5,698.4,690.5,241,0.49%,230,28Feb2020,85,0
04-12-2019,693.1,687.0,694.1,685.5,94,1.05%,125,28Feb2020,86,0
03-12-2019,685.9,685.1,690.0,684.5,51,-0.35%,63,28Feb2020,87,0
02-12-2019,688.3,678.0,690.1,677.5,49,1.04%,42,28Feb2020,88,1
29-11-2019,681.2,671.5,683.3,670.2,499,1.47%,1114,31Jan2020,63,0
28-11-2019,671.3,671.7,673.5,663.0,178,0.46%,1007,31Jan2020,64,0
27-11-2019,668.2,668.0,669.0,662.0,174,-0.06%,963,31Jan2020,65,0
26-11-2019,668.6,663.1,670.0,657.9,196,-0.25%,930,31Jan2020,66,0
25-11-2019,670.3,675.0,679.2,669.0,163,-0.10%,916,31Jan2020,67,0
22-11-2019,671.0,660.9,671.9,660.3,157,1.56%,873,31Jan2020,70,0
21-11-2019,660.7,659.6,665.9,658.1,247,-0.27%,824,31Jan2020,71,0
20-11-2019,662.5,656.0,665.4,652.3,490,1.69%,766,31Jan2020,72,0
19-11-2019,651.5,639.8,653.0,637.5,182,2.34%,589,31Jan2020,73,0
18-11-2019,636.6,643.9,644.0,635.0,142,-0.81%,534,31Jan2020,74,0
15-11-2019,641.8,650.0,650.0,639.0,73,-0.59%,502,31Jan2020,77,0
14-11-2019,645.6,645.0,647.5,643.0,67,0.03%,472,31Jan2020,78,0
13-11-2019,645.4,648.0,652.0,644.0,108,0.45%,472,31Jan2020,79,0
12-11-2019,642.5,639.0,643.6,639.0,36,0.22%,474,31Jan2020,80,0
11-11-2019,641.1,642.0,647.0,638.8,31,1.75%,473,31Jan2020,81,0
08-11-2019,630.1,626.0,631.4,626.0,14,1.73%,459,31Jan2020,84,0
07-11-2019,619.4,616.0,623.3,615.5,11,0.36%,455,31Jan2020,85,0
06-11-2019,617.2,609.7,618.8,609.7,33,1.48%,455,31Jan2020,86,0
05-11-2019,608.2,615.5,616.0,606.0,19,-0.31%,441,31Jan2020,87,0
04-11-2019,610.1,598.0,614.4,598.0,38,3.25%,443,31Jan2020,88,0
01-11-2019,590.9,592.5,593.0,590.0,49,-0.51%,425,31Jan2020,91,1
31-10-2019,593.9,597.0,602.0,593.1,753,-0.69%,1426,31Dec2019,61,0
30-10-2019,598.0,593.6,601.0,591.6,873,1.46%,1293,31Dec2019,62,0
29-10-2019,589.4,583.0,589.8,583.0,691,1.17%,1132,31Dec2019,63,0
28-10-2019,582.6,583.0,583.2,582.0,6,0.24%,1119,31Dec2019,64,0
27-10-2019,581.2,580.0,582.2,578.5,65,0.33%,1118,31Dec2019,65,0
25-10-2019,579.3,589.5,593.3,578.8,376,-0.96%,1093,31Dec2019,67,0
24-10-2019,584.9,571.1,585.2,569.0,340,2.94%,1120,31Dec2019,68,0
23-10-2019,568.2,571.8,574.4,567.0,455,-0.30%,1025,31Dec2019,69,0
22-10-2019,569.9,561.6,570.5,561.3,316,0.48%,1197,31Dec2019,70,0
21-10-2019,567.2,567.7,568.0,563.8,26,0.55%,1121,31Dec2019,71,0
18-10-2019,564.1,560.9,565.1,559.0,259,0.62%,1110,31Dec2019,74,0
17-10-2019,560.6,560.9,561.4,557.5,110,0.45%,920,31Dec2019,75,0
16-10-2019,558.1,560.8,561.9,557.3,554,-0.36%,902,31Dec2019,76,0
15-10-2019,560.1,549.6,562.5,549.0,352,1.58%,521,31Dec2019,77,0
14-10-2019,551.4,549.5,552.0,549.4,291,0.07%,312,31Dec2019,78,0
11-10-2019,551.0,551.0,551.2,549.7,96,0.18%,130,31Dec2019,81,0
10-10-2019,550.0,552.1,552.1,548.7,52,-0.15%,61,31Dec2019,82,0
09-10-2019,550.8,551.0,552.0,550.5,45,0.49%,37,31Dec2019,83,0
08-10-2019,548.1,548.0,548.2,548.0,3,0.35%,31,31Dec2019,84,0
07-10-2019,546.2,548.0,548.0,545.4,50,0.31%,28,31Dec2019,85,0
04-10-2019,544.5,544.1,545.0,544.0,10,-0.55%,14,31Dec2019,88,0
03-10-2019,547.5,545.0,548.0,545.0,8,-0.09%,9,31Dec2019,89,0
01-10-2019,548.0,0.0,0.0,0.0,0,0.27%,1,31Dec2019,91,1
30-09-2019,546.5,551.0,551.1,544.6,625,-0.85%,665,29Nov2019,60,0
27-09-2019,551.2,553.0,554.0,550.6,71,-0.56%,390,29Nov2019,63,0
26-09-2019,554.3,551.0,556.0,550.0,96,0.16%,381,29Nov2019,64,0
25-09-2019,553.4,550.7,554.2,549.0,96,0.60%,390,29Nov2019,65,0
24-09-2019,550.1,555.5,555.5,548.0,336,-1.15%,358,29Nov2019,66,0
23-09-2019,556.5,556.0,557.0,552.9,110,-0.73%,181,29Nov2019,67,0
20-09-2019,560.6,565.0,565.0,560.0,71,-1.02%,119,29Nov2019,70,0
19-09-2019,566.4,567.0,567.5,564.8,84,-0.02%,135,29Nov2019,71,0
18-09-2019,566.5,564.0,568.5,564.0,32,-0.04%,153,29Nov2019,72,0
17-09-2019,566.7,572.0,574.6,565.6,151,0.11%,154,29Nov2019,73,0
16-09-2019,566.1,563.4,567.5,562.8,48,1.40%,145,29Nov2019,74,0
13-09-2019,558.3,558.8,559.4,556.4,32,-0.21%,127,29Nov2019,77,0
12-09-2019,559.5,560.5,561.9,558.7,74,-0.66%,118,29Nov2019,78,0
11-09-2019,563.2,563.5,564.5,560.7,15,0.43%,112,29Nov2019,79,0
10-09-2019,560.8,560.4,561.2,560.0,20,0.94%,105,29Nov2019,80,0
09-09-2019,555.6,557.7,558.5,554.0,87,-0.80%,97,29Nov2019,81,0
06-09-2019,560.1,562.0,562.1,557.9,12,-0.90%,43,29Nov2019,84,0
05-09-2019,565.2,565.0,567.0,565.0,11,-0.55%,32,29Nov2019,85,0
04-09-2019,568.3,566.0,572.6,565.4,34,-0.99%,32,29Nov2019,86,0
03-09-2019,574.0,0.0,0.0,0.0,0,0.00%,0,29Nov2019,87,0
02-09-2019,574.0,0.0,0.0,0.0,0,0.79%,0,29Nov2019,88,1
30-08-2019,569.5,568.4,572.5,564.3,384,0.11%,1172,31Oct2019,62,0
29-08-2019,568.9,570.0,571.5,565.6,387,-0.33%,1135,31Oct2019,63,0
28-08-2019,570.8,569.5,574.0,569.5,117,-0.05%,1060,31Oct2019,64,0
27-08-2019,571.1,574.3,574.9,568.6,474,-0.64%,1051,31Oct2019,65,0
26-08-2019,574.8,570.0,579.0,570.0,463,1.32%,872,31Oct2019,66,0
23-08-2019,567.3,568.0,572.0,564.0,152,-0.32%,633,31Oct2019,69,0
22-08-2019,569.1,563.0,571.9,562.6,208,2.10%,625,31Oct2019,70,0
21-08-2019,557.4,550.0,558.0,549.5,317,1.75%,619,31Oct2019,71,0
20-08-2019,547.8,546.7,548.7,546.5,319,0.74%,338,31Oct2019,72,0
19-08-2019,543.8,548.5,550.1,541.5,32,-2.07%,98,31Oct2019,73,0
16-08-2019,555.3,558.9,560.6,553.0,63,-1.02%,71,31Oct2019,76,0
14-08-2019,561.0,561.0,561.0,561.0,2,0.34%,48,31Oct2019,78,0
13-08-2019,559.1,557.8,559.5,557.8,4,0.85%,47,31Oct2019,79,0
12-08-2019,554.4,554.4,554.4,554.4,3,1.54%,48,31Oct2019,80,0
09-08-2019,546.0,0.0,0.0,0.0,0,2.04%,48,31Oct2019,83,0
08-08-2019,535.1,534.0,537.3,532.0,74,0.43%,48,31Oct2019,84,0
07-08-2019,532.8,532.0,533.0,532.0,6,0.19%,8,31Oct2019,85,0
06-08-2019,531.8,531.8,533.3,531.0,4,0.34%,2,31Oct2019,86,0
05-08-2019,530.0,0.0,0.0,0.0,0,2.51%,0,31Oct2019,87,0
02-08-2019,517.0,0.0,0.0,0.0,0,0.00%,0,31Oct2019,90,0
01-08-2019,517.0,517.0,517.0,517.0,1,0.06%,0,31Oct2019,91,1
31-07-2019,516.7,520.0,520.0,515.9,169,-0.15%,852,30Sep2019,61,0
30-07-2019,517.5,517.9,519.7,515.8,101,0.00%,845,30Sep2019,62,0
29-07-2019,517.5,519.0,519.1,516.6,203,-0.73%,845,30Sep2019,63,0
26-07-2019,521.3,519.5,522.3,518.7,119,0.39%,772,30Sep2019,66,0
25-07-2019,519.3,517.5,521.9,515.5,319,-0.12%,804,30Sep2019,67,0
24-07-2019,519.9,514.0,520.0,514.0,82,1.66%,672,30Sep2019,68,0
23-07-2019,511.4,508.9,512.7,508.5,55,0.49%,671,30Sep2019,69,0
22-07-2019,508.9,510.9,511.3,507.5,59,0.26%,670,30Sep2019,70,0
19-07-2019,507.6,507.5,508.2,506.8,79,0.00%,667,30Sep2019,73,0
18-07-2019,507.6,507.5,509.1,506.1,268,0.26%,615,30Sep2019,74,0
17-07-2019,506.3,505.5,506.7,505.0,243,0.22%,429,30Sep2019,75,0
16-07-2019,505.2,503.0,506.5,503.0,31,0.62%,227,30Sep2019,76,0
15-07-2019,502.1,506.9,507.0,502.0,154,0.00%,226,30Sep2019,77,0
12-07-2019,502.1,497.5,504.5,496.5,55,0.74%,164,30Sep2019,80,0
11-07-2019,498.4,498.0,501.5,495.0,59,0.14%,160,30Sep2019,81,0
10-07-2019,497.7,496.4,498.5,495.5,85,-0.04%,130,30Sep2019,82,0
09-07-2019,497.9,499.0,499.0,497.5,4,-0.78%,80,30Sep2019,83,0
08-07-2019,501.8,500.5,502.5,500.0,17,-0.81%,80,30Sep2019,84,0
05-07-2019,505.9,516.8,516.8,504.0,19,-2.15%,72,30Sep2019,87,0
04-07-2019,517.0,519.3,520.5,516.0,76,-0.02%,70,30Sep2019,88,0
03-07-2019,517.1,516.7,517.5,516.7,4,0.56%,12,30Sep2019,89,0
02-07-2019,514.2,513.1,515.9,512.9,4,-1.44%,10,30Sep2019,90,0
01-07-2019,521.7,526.5,526.5,516.0,10,0.83%,9,30Sep2019,91,1
28-06-2019,517.4,516.5,519.5,513.5,475,-0.21%,1246,30Aug2019,63,0
27-06-2019,518.5,521.7,522.0,516.6,346,-0.10%,986,30Aug2019,64,0
26-06-2019,519.0,507.9,519.3,507.0,698,2.33%,837,30Aug2019,65,0
25-06-2019,507.2,509.8,510.5,506.8,122,-0.74%,547,30Aug2019,66,0
24-06-2019,511.0,512.1,512.4,510.1,95,-0.64%,495,30Aug2019,67,0
21-06-2019,514.3,521.4,521.4,514.0,104,-1.15%,475,30Aug2019,70,0
20-06-2019,520.3,521.1,524.0,517.6,229,-0.63%,449,30Aug2019,71,0
19-06-2019,523.6,520.0,524.5,518.1,158,0.21%,380,30Aug2019,72,0
18-06-2019,522.5,521.8,523.9,518.4,370,0.75%,406,30Aug2019,73,0
17-06-2019,518.6,515.5,520.0,515.2,148,1.09%,310,30Aug2019,74,0
14-06-2019,513.0,506.0,513.7,504.0,150,1.58%,232,30Aug2019,77,0
13-06-2019,505.0,501.3,506.5,499.9,244,0.90%,145,30Aug2019,78,0
12-06-2019,500.5,505.0,505.0,498.6,110,-1.13%,88,30Aug2019,79,0
11-06-2019,506.2,504.0,507.0,504.0,17,0.24%,30,30Aug2019,80,0
10-06-2019,505.0,510.3,510.3,502.5,23,-1.87%,39,30Aug2019,81,0
07-06-2019,514.6,516.1,516.8,512.0,10,-0.46%,20,30Aug2019,84,0
06-06-2019,517.0,0.0,0.0,0.0,0,-0.96%,12,30Aug2019,85,0
05-06-2019,522.0,0.0,0.0,0.0,0,0.00%,12,30Aug2019,86,0
04-06-2019,522.0,0.0,0.0,0.0,0,0.87%,12,30Aug2019,87,0
03-06-2019,517.5,520.6,520.6,516.0,13,-1.05%,12,30Aug2019,88,1
31-05-2019,523.0,524.2,526.0,521.0,274,-0.53%,719,31Jul2019,61,0
30-05-2019,525.8,522.3,526.1,522.0,114,-0.11%,682,31Jul2019,62,0
29-05-2019,526.4,525.0,529.0,523.6,207,1.04%,639,31Jul2019,63,0
28-05-2019,521.0,516.5,521.5,516.5,174,1.01%,599,31Jul2019,64,0
27-05-2019,515.8,517.5,521.8,514.4,426,-0.02%,619,31Jul2019,65,0
24-05-2019,515.9,514.7,516.9,512.5,63,-0.35%,403,31Jul2019,68,0
23-05-2019,517.7,516.3,519.0,516.1,112,-0.48%,400,31Jul2019,69,0
22-05-2019,520.2,523.1,523.6,519.0,86,-1.07%,356,31Jul2019,70,0
21-05-2019,525.8,530.5,530.5,524.8,114,-0.68%,343,31Jul2019,71,0
20-05-2019,529.4,530.0,530.4,528.1,63,0.00%,268,31Jul2019,72,0
17-05-2019,529.4,530.0,530.5,529.0,66,-0.02%,277,31Jul2019,75,0
16-05-2019,529.5,525.2,530.0,525.2,117,1.22%,270,31Jul2019,76,0
15-05-2019,523.1,530.1,530.6,522.5,190,-0.63%,204,31Jul2019,77,0
14-05-2019,526.4,523.5,527.9,523.1,53,1.13%,161,31Jul2019,78,0
13-05-2019,520.5,516.7,521.1,516.5,48,0.60%,161,31Jul2019,79,0
10-05-2019,517.4,518.4,518.6,516.8,46,0.10%,153,31Jul2019,82,0
09-05-2019,516.9,517.7,520.1,516.5,56,-0.31%,116,31Jul2019,83,0
08-05-2019,518.5,515.5,519.5,513.5,143,0.10%,111,31Jul2019,84,0
07-05-2019,518.0,520.0,521.8,517.9,14,0.78%,13,31Jul2019,85,0
06-05-2019,514.0,513.0,515.0,510.2,7,-1.87%,11,31Jul2019,86,0
03-05-2019,523.8,525.6,525.6,521.3,5,-1.06%,9,31Jul2019,89,0
02-05-2019,529.4,530.0,530.0,525.1,11,-0.86%,10,31Jul2019,90,0
01-05-2019,534.0,535.0,535.0,533.0,3,-0.22%,4,31Jul2019,91,1
30-04-2019,535.2,544.0,544.0,533.0,383,-1.45%,639,28Jun2019,59,0
26-04-2019,543.1,548.5,548.5,543.0,118,-1.29%,655,28Jun2019,63,0
25-04-2019,550.2,548.0,552.0,548.0,39,0.20%,649,28Jun2019,64,0
24-04-2019,549.1,548.0,551.9,546.0,69,-0.18%,657,28Jun2019,65,0
23-04-2019,550.1,550.0,551.4,549.0,16,-0.47%,670,28Jun2019,66,0
22-04-2019,552.7,555.0,555.0,548.8,93,-0.36%,663,28Jun2019,67,0
18-04-2019,554.7,550.4,556.9,548.7,99,0.49%,680,28Jun2019,71,0
17-04-2019,552.0,554.0,554.0,552.0,57,0.55%,661,28Jun2019,72,0
16-04-2019,549.0,544.0,550.0,544.0,50,0.64%,635,28Jun2019,73,0
15-04-2019,545.5,547.0,548.2,545.0,40,-0.15%,610,28Jun2019,74,0
12-04-2019,546.3,550.7,550.7,545.5,164,-0.07%,589,28Jun2019,77,0
11-04-2019,546.7,545.6,546.9,544.5,36,-0.04%,576,28Jun2019,78,0
10-04-2019,546.9,550.0,550.0,544.0,49,-0.71%,576,28Jun2019,79,0
09-04-2019,550.8,558.1,559.8,549.8,126,-0.72%,548,28Jun2019,80,0
08-04-2019,554.8,564.0,567.3,554.0,81,-0.91%,516,28Jun2019,81,0
05-04-2019,559.9,558.0,561.8,558.0,211,1.06%,462,28Jun2019,84,0
04-04-2019,554.0,548.0,554.8,548.0,326,1.17%,355,28Jun2019,85,0
03-04-2019,547.6,550.0,552.0,545.5,145,0.13%,194,28Jun2019,86,0
02-04-2019,546.9,545.0,547.5,545.0,108,2.03%,126,28Jun2019,87,0
01-04-2019,536.0,0.0,0.0,0.0,0,0.62%,46,28Jun2019,88,1
29-03-2019,532.7,534.0,534.2,531.5,330,-0.34%,2019,31May2019,63,0
28-03-2019,534.5,533.6,535.9,531.4,582,-0.13%,1955,31May2019,64,0
27-03-2019,535.2,532.6,535.8,530.0,744,0.28%,1752,31May2019,65,0
26-03-2019,533.7,532.0,535.1,531.5,398,0.13%,1309,31May2019,66,0
25-03-2019,533.0,535.1,535.1,531.0,446,-0.82%,1131,31May2019,67,0
22-03-2019,537.4,535.0,537.5,535.0,409,0.02%,930,31May2019,70,0
21-03-2019,537.3,542.0,542.0,537.0,28,-0.07%,608,31May2019,71,0
20-03-2019,537.7,533.3,539.4,533.3,281,0.94%,586,31May2019,72,0
19-03-2019,532.7,525.2,533.4,525.1,292,1.20%,538,31May2019,73,0
18-03-2019,526.4,528.5,529.0,524.7,321,-1.13%,571,31May2019,74,0
15-03-2019,532.4,528.1,535.0,526.5,201,0.19%,386,31May2019,77,0
14-03-2019,531.4,533.9,533.9,531.0,116,-0.99%,265,31May2019,78,0
13-03-2019,536.7,546.3,546.3,536.5,170,-1.95%,265,31May2019,79,0
12-03-2019,547.4,541.5,549.0,541.1,87,0.88%,241,31May2019,80,0
11-03-2019,542.6,552.0,552.0,541.9,105,-1.33%,218,31May2019,81,0
08-03-2019,549.9,554.0,554.2,548.2,104,-0.34%,190,31May2019,84,0
07-03-2019,551.8,555.5,555.5,550.9,82,-0.86%,143,31May2019,85,0
06-03-2019,556.6,554.4,557.4,554.4,10,-0.13%,97,31May2019,86,0
05-03-2019,557.3,562.5,562.5,557.0,37,-0.75%,94,31May2019,87,0
04-03-2019,561.5,561.0,562.7,561.0,9,-0.58%,64,31May2019,88,0
01-03-2019,564.8,563.0,566.7,562.5,68,1.46%,58,31May2019,91,1
28-02-2019,556.7,558.0,559.0,553.0,373,-0.11%,2005,30Apr2019,61,0
27-02-2019,557.3,557.0,557.6,553.4,619,-0.07%,1973,30Apr2019,62,0
26-02-2019,557.7,560.3,561.3,555.3,633,-1.05%,1750,30Apr2019,63,0
25-02-2019,563.6,573.4,573.8,562.6,436,-1.45%,1538,30Apr2019,64,0
22-02-2019,571.9,577.3,578.0,571.1,255,-1.18%,1319,30Apr2019,67,0
21-02-2019,578.7,580.7,580.7,575.9,289,-0.22%,1273,30Apr2019,68,0
20-02-2019,580.0,577.3,580.0,575.3,348,0.28%,1274,30Apr2019,69,0
19-02-2019,578.4,585.4,587.0,577.5,417,-0.55%,1186,30Apr2019,70,0
18-02-2019,581.6,578.2,582.0,577.9,171,0.97%,1214,30Apr2019,71,0
15-02-2019,576.0,571.1,580.0,571.1,156,0.00%,1177,30Apr2019,74,0
14-02-2019,576.0,574.1,578.1,574.1,99,0.31%,1173,30Apr2019,75,0
13-02-2019,574.2,578.6,580.4,573.0,308,-1.17%,1178,30Apr2019,76,0
12-02-2019,581.0,579.5,581.1,577.5,528,0.10%,1076,30Apr2019,77,0
11-02-2019,580.4,586.8,586.8,578.9,56,-1.16%,742,30Apr2019,78,0
08-02-2019,587.2,589.0,589.5,585.0,236,-0.02%,713,30Apr2019,81,0
07-02-2019,587.3,585.0,587.6,583.0,140,1.15%,580,30Apr2019,82,0
06-02-2019,580.6,580.4,581.2,579.1,79,-0.36%,515,30Apr2019,83,0
05-02-2019,582.7,585.5,585.9,580.8,30,0.14%,465,30Apr2019,84,0
04-02-2019,581.9,580.5,583.4,577.5,92,0.03%,472,30Apr2019,85,0
01-02-2019,581.7,581.1,583.3,577.1,287,0.80%,450,30Apr2019,88,1
31-01-2019,577.1,583.0,583.0,575.3,585,-1.08%,2133,29Mar2019,57,0
30-01-2019,583.4,580.0,584.0,579.4,269,0.83%,2074,29Mar2019,58,0
29-01-2019,578.6,580.9,582.2,578.0,336,-1.08%,2025,29Mar2019,59,0
28-01-2019,584.9,583.7,586.6,583.5,107,1.21%,1993,29Mar2019,60,0
25-01-2019,577.9,573.7,579.0,573.6,672,0.78%,1974,29Mar2019,63,0
24-01-2019,573.4,567.5,573.6,567.5,817,1.15%,1754,29Mar2019,64,0
23-01-2019,566.9,573.2,573.7,566.0,428,-1.08%,1384,29Mar2019,65,0
22-01-2019,573.1,570.8,575.0,569.3,190,0.51%,1417,29Mar2019,66,0
21-01-2019,570.2,565.0,573.4,565.0,159,1.14%,1403,29Mar2019,67,0
18-01-2019,563.8,564.3,564.5,562.0,37,1.20%,1369,29Mar2019,70,0
17-01-2019,557.1,556.6,559.0,555.5,38,0.27%,1367,29Mar2019,71,0
16-01-2019,555.6,555.0,556.0,554.7,21,-0.18%,1361,29Mar2019,72,0
15-01-2019,556.6,558.0,568.7,556.0,93,0.00%,1360,29Mar2019,73,0
14-01-2019,556.6,559.8,561.4,555.1,267,0.20%,1356,29Mar2019,74,0
11-01-2019,555.5,555.7,559.2,553.0,132,0.04%,1365,29Mar2019,77,0
10-01-2019,555.3,554.5,555.5,548.5,229,0.76%,1368,29Mar2019,78,0
09-01-2019,551.1,544.8,552.3,544.8,53,1.45%,1361,29Mar2019,79,0
08-01-2019,543.2,545.0,550.5,541.0,55,-0.22%,1348,29Mar2019,80,0
07-01-2019,544.4,542.5,547.0,542.0,195,0.22%,1352,29Mar2019,81,0
04-01-2019,543.2,537.9,543.5,536.9,252,0.93%,1336,29Mar2019,84,0
03-01-2019,538.2,538.5,541.0,536.3,679,0.09%,1179,29Mar2019,85,0
02-01-2019,537.7,534.0,540.0,534.0,760,1.72%,982,29Mar2019,86,0
01-01-2019,528.6,527.5,530.5,526.4,255,1.26%,681,29Mar2019,87,1
31-12-2018,522.0,519.5,522.6,515.9,729,0.42%,3334,28Feb2019,59,0
28-12-2018,519.8,520.0,522.0,517.7,781,-0.21%,3149,28Feb2019,62,0
27-12-2018,520.9,518.0,521.0,515.8,862,1.03%,3075,28Feb2019,63,0
26-12-2018,515.6,512.0,516.2,509.5,412,0.12%,3031,28Feb2019,64,0
24-12-2018,515.0,517.3,517.9,513.1,142,-0.64%,3110,28Feb2019,66,0
21-12-2018,518.3,517.0,521.3,516.1,291,-0.08%,3086,28Feb2019,69,0
20-12-2018,518.7,523.0,524.0,518.0,745,-1.16%,3126,28Feb2019,70,0
19-12-2018,524.8,524.2,527.6,522.7,970,0.25%,3075,28Feb2019,71,0
18-12-2018,523.5,519.3,525.0,518.0,644,0.63%,3169,28Feb2019,72,0
17-12-2018,520.2,515.5,523.5,513.6,562,0.25%,3118,28Feb2019,73,0
14-12-2018,518.9,518.0,521.0,517.0,298,0.37%,3152,28Feb2019,76,0
13-12-2018,517.0,515.6,524.0,515.0,830,0.47%,3121,28Feb2019,77,0
12-12-2018,514.6,513.0,516.2,513.0,349,0.68%,3114,28Feb2019,78,0
11-12-2018,511.1,508.0,512.5,506.7,493,-0.21%,3251,28Feb2019,79,0
10-12-2018,512.2,503.2,514.6,503.2,499,1.91%,3468,28Feb2019,80,0
07-12-2018,502.6,506.8,506.8,498.1,459,-0.42%,3392,28Feb2019,83,0
06-12-2018,504.7,509.7,510.8,503.4,331,-1.06%,3297,28Feb2019,84,0
05-12-2018,510.1,506.7,510.5,503.5,474,0.37%,3293,28Feb2019,85,0
04-12-2018,508.2,506.3,513.7,502.7,849,0.89%,3146,28Feb2019,86,0
03-12-2018,503.7,508.1,508.8,499.5,922,2.19%,2828,28Feb2019,87,1
30-11-2018,492.9,500.0,501.5,490.5,941,-1.24%,4304,31Jan2019,62,0
29-11-2018,499.1,500.5,501.1,495.4,911,-0.56%,4238,31Jan2019,63,0
28-11-2018,501.9,503.0,504.7,500.3,780,0.00%,4193,31Jan2019,64,0
27-11-2018,501.9,500.6,503.9,496.4,1046,1.11%,4014,31Jan2019,65,0
26-11-2018,496.4,511.0,516.2,495.6,1110,-3.08%,3711,31Jan2019,66,0
23-11-2018,512.2,514.0,514.0,511.6,164,-1.35%,3347,31Jan2019,69,0
22-11-2018,519.2,512.0,523.5,512.0,990,0.91%,3194,31Jan2019,70,0
21-11-2018,514.5,505.0,515.5,504.0,592,2.00%,3086,31Jan2019,71,0
20-11-2018,504.4,512.1,512.1,503.4,427,-1.66%,2739,31Jan2019,72,0
19-11-2018,512.9,519.2,520.2,510.9,298,-0.31%,2664,31Jan2019,73,0
16-11-2018,514.5,526.0,529.0,511.0,732,-3.18%,2496,31Jan2019,76,0
15-11-2018,531.4,533.0,534.2,528.5,520,-0.36%,2155,31Jan2019,77,0
14-11-2018,533.3,533.0,533.8,528.9,287,-0.91%,2126,31Jan2019,78,0
13-11-2018,538.2,539.0,546.8,537.5,297,-1.14%,2262,31Jan2019,79,0
12-11-2018,544.4,544.5,553.7,543.6,680,-1.14%,2391,31Jan2019,80,0
09-11-2018,550.7,553.0,555.9,549.4,291,-1.13%,1998,31Jan2019,83,0
08-11-2018,557.0,560.0,560.0,557.0,100,-1.03%,1851,31Jan2019,84,0
07-11-2018,562.8,562.7,563.0,562.4,8,0.04%,1799,31Jan2019,85,0
06-11-2018,562.6,565.0,565.0,561.7,72,-0.62%,1800,31Jan2019,86,0
05-11-2018,566.1,569.0,569.0,565.0,31,-0.82%,1765,31Jan2019,87,0
02-11-2018,570.8,567.0,572.0,567.0,128,-0.47%,1755,31Jan2019,90,0
01-11-2018,573.5,571.0,573.9,570.2,70,0.17%,1720,31Jan2019,91,1
31-10-2018,572.5,575.0,575.3,568.7,214,-0.07%,3025,31Dec2018,61,0
30-10-2018,572.9,574.0,575.3,572.6,198,-0.26%,2925,31Dec2018,62,0
29-10-2018,574.4,576.0,578.2,572.3,707,0.68%,2849,31Dec2018,63,0
26-10-2018,570.5,581.5,581.7,565.0,1188,-1.98%,2866,31Dec2018,66,0
25-10-2018,582.0,583.8,585.2,581.9,556,-1.09%,2799,31Dec2018,67,0
24-10-2018,588.4,590.0,591.0,585.3,1092,-0.61%,2589,31Dec2018,68,0
23-10-2018,592.0,595.5,596.8,591.0,801,-0.32%,2080,31Dec2018,69,0
22-10-2018,593.9,592.0,596.0,592.0,557,-0.05%,1521,31Dec2018,70,0
19-10-2018,594.2,595.0,595.0,591.7,430,-0.24%,1219,31Dec2018,73,0
18-10-2018,595.6,597.9,598.0,595.5,299,-0.60%,1078,31Dec2018,74,0
17-10-2018,599.2,598.8,600.8,597.5,473,0.69%,932,31Dec2018,75,0
16-10-2018,595.1,598.0,598.2,594.5,159,-0.13%,661,31Dec2018,76,0
15-10-2018,595.9,593.9,596.0,592.4,157,0.88%,532,31Dec2018,77,0
12-10-2018,590.7,590.4,592.8,589.3,102,0.32%,474,31Dec2018,80,0
11-10-2018,588.8,589.0,590.4,586.0,68,-0.57%,426,31Dec2018,81,0
10-10-2018,592.2,593.8,595.5,591.8,55,-0.82%,436,31Dec2018,82,0
09-10-2018,597.1,598.0,600.0,597.0,92,0.18%,407,31Dec2018,83,0
08-10-2018,596.0,598.3,598.3,595.0,33,-0.98%,356,31Dec2018,84,0
05-10-2018,601.9,601.0,602.6,599.0,39,0.30%,353,31Dec2018,87,0
04-10-2018,600.1,597.3,601.0,596.5,225,1.33%,325,31Dec2018,88,0
03-10-2018,592.2,593.5,595.5,591.4,159,0.95%,161,31Dec2018,89,0
01-10-2018,586.6,586.1,587.2,586.0,40,-0.44%,72,31Dec2018,91,1
28-09-2018,589.2,592.7,593.3,585.5,1203,-0.49%,3690,30Nov2018,63,0
27-09-2018,592.1,594.0,596.2,591.8,632,-0.62%,3214,30Nov2018,64,0
26-09-2018,595.8,595.7,601.0,594.5,1161,0.25%,2965,30Nov2018,65,0
25-09-2018,594.3,593.0,595.0,592.5,829,0.29%,2530,30Nov2018,66,0
24-09-2018,592.6,592.6,594.9,591.0,732,0.22%,2011,30Nov2018,67,0
21-09-2018,591.3,590.4,594.0,587.9,529,0.37%,1508,30Nov2018,70,0
20-09-2018,589.1,591.8,591.8,588.3,597,-0.69%,1123,30Nov2018,71,0
19-09-2018,593.2,599.8,599.8,591.6,885,-1.03%,874,30Nov2018,72,0
18-09-2018,599.4,600.0,601.9,598.0,76,-0.81%,421,30Nov2018,73,0
17-09-2018,604.3,605.8,606.2,603.9,49,0.30%,382,30Nov2018,74,0
14-09-2018,602.5,602.0,603.0,602.0,48,-0.15%,362,30Nov2018,77,0
13-09-2018,603.4,603.2,603.8,603.2,5,-0.28%,335,30Nov2018,78,0
12-09-2018,605.1,609.7,611.0,604.2,117,-1.21%,335,30Nov2018,79,0
11-09-2018,612.5,612.0,613.7,611.6,16,-0.05%,361,30Nov2018,80,0
10-09-2018,612.8,609.5,614.4,609.5,31,0.92%,368,30Nov2018,81,0
07-09-2018,607.2,611.0,612.2,606.9,592,-0.69%,359,30Nov2018,84,0
06-09-2018,611.4,612.0,613.0,610.5,138,0.03%,230,30Nov2018,85,0
05-09-2018,611.2,611.0,613.5,609.0,42,-0.24%,166,30Nov2018,86,0
04-09-2018,612.7,612.5,614.0,611.6,49,0.92%,135,30Nov2018,87,0
03-09-2018,607.1,609.5,609.5,607.0,55,0.30%,92,30Nov2018,88,1
31-08-2018,605.3,601.7,608.0,601.6,322,0.56%,3999,31Oct2018,61,0
30-08-2018,601.9,596.5,602.0,596.0,786,0.99%,4014,31Oct2018,62,0
29-08-2018,596.0,596.5,598.0,594.5,673,-0.20%,3600,31Oct2018,63,0
28-08-2018,597.2,595.7,600.2,594.6,422,0.71%,3327,31Oct2018,64,0
27-08-2018,593.0,594.9,594.9,591.0,285,-0.54%,3122,31Oct2018,65,0
24-08-2018,596.2,597.5,597.5,595.4,681,-0.02%,3010,31Oct2018,68,0
23-08-2018,596.3,599.5,600.4,595.3,412,-0.78%,2594,31Oct2018,69,0
22-08-2018,601.0,603.0,603.8,600.4,302,-0.27%,2315,31Oct2018,70,0
21-08-2018,602.6,603.1,604.8,601.5,450,-0.51%,2080,31Oct2018,71,0
20-08-2018,605.7,604.0,606.6,603.7,343,0.43%,1912,31Oct2018,72,0
17-08-2018,603.1,605.0,605.0,603.0,136,0.37%,1731,31Oct2018,75,0
16-08-2018,600.9,596.0,601.9,596.0,46,0.82%,1736,31Oct2018,76,0
14-08-2018,596.0,598.0,598.2,595.8,189,-0.35%,1712,31Oct2018,78,0
13-08-2018,598.1,599.5,599.8,597.7,232,-0.45%,1553,31Oct2018,79,0
10-08-2018,600.8,598.9,603.1,598.0,244,0.43%,1481,31Oct2018,82,0
09-08-2018,598.2,597.1,598.8,595.7,197,-0.13%,1383,31Oct2018,83,0
08-08-2018,599.0,593.0,599.0,592.6,277,0.69%,1291,31Oct2018,84,0
07-08-2018,594.9,593.0,595.5,592.7,125,0.71%,1091,31Oct2018,85,0
06-08-2018,590.7,591.0,592.1,588.3,281,-0.19%,1054,31Oct2018,86,0
03-08-2018,591.8,589.9,592.8,587.0,855,0.36%,906,31Oct2018,89,0
02-08-2018,589.7,592.5,593.0,587.0,533,-0.41%,573,31Oct2018,90,0
01-08-2018,592.1,590.0,594.4,590.0,159,-0.47%,206,31Oct2018,91,1
31-07-2018,594.9,598.3,600.5,593.4,822,-0.82%,4068,28Sep2018,59,0
30-07-2018,599.8,596.5,600.4,595.0,213,0.49%,3603,28Sep2018,60,0
27-07-2018,596.9,598.0,600.0,593.7,357,-0.20%,3586,28Sep2018,63,0
26-07-2018,598.1,598.2,600.4,596.7,454,0.22%,3495,28Sep2018,64,0
25-07-2018,596.8,598.8,598.8,593.8,335,-0.03%,3257,28Sep2018,65,0
24-07-2018,597.0,598.0,598.0,594.8,678,-0.53%,3164,28Sep2018,66,0
23-07-2018,600.2,605.0,605.7,599.0,665,-0.65%,2786,28Sep2018,67,0
20-07-2018,604.1,606.7,608.0,602.8,1127,-0.43%,2346,28Sep2018,70,0
19-07-2018,606.7,607.9,608.0,605.3,547,-0.51%,1761,28Sep2018,71,0
18-07-2018,609.8,605.7,610.5,605.0,242,0.91%,1355,28Sep2018,72,0
17-07-2018,604.3,601.6,605.7,600.0,381,0.68%,1262,28Sep2018,73,0
16-07-2018,600.2,606.0,606.0,598.5,454,-0.69%,1002,28Sep2018,74,0
13-07-2018,604.4,610.5,610.5,601.0,351,-1.10%,709,28Sep2018,77,0
12-07-2018,611.1,612.0,614.0,610.2,135,-0.37%,412,28Sep2018,78,0
11-07-2018,613.4,619.6,619.6,613.0,164,-1.29%,323,28Sep2018,79,0
10-07-2018,621.4,619.4,621.5,619.0,64,-0.50%,227,28Sep2018,80,0
09-07-2018,624.5,625.0,625.0,623.3,4,0.27%,233,28Sep2018,81,0
06-07-2018,622.8,626.9,627.0,621.0,29,-0.46%,231,28Sep2018,84,0
05-07-2018,625.7,623.4,626.0,623.3,135,0.02%,217,28Sep2018,85,0
04-07-2018,625.6,626.7,627.4,623.6,10,-0.35%,178,28Sep2018,86,0
03-07-2018,627.8,630.1,630.5,626.5,130,-0.90%,178,28Sep2018,87,0
02-07-2018,633.5,632.0,635.6,632.0,37,-0.09%,106,28Sep2018,88,1
29-06-2018,634.1,637.0,637.0,630.6,295,-0.74%,1794,31Aug2018,63,0
28-06-2018,638.8,641.1,642.0,637.7,342,-0.06%,1645,31Aug2018,64,0
27-06-2018,639.2,630.5,639.5,630.5,242,1.64%,1506,31Aug2018,65,0
26-06-2018,628.9,626.3,629.2,626.3,225,0.29%,1479,31Aug2018,66,0
25-06-2018,627.1,625.7,628.2,624.7,328,-0.30%,1305,31Aug2018,67,0
22-06-2018,629.0,624.0,630.0,623.9,280,0.96%,1124,31Aug2018,70,0
21-06-2018,623.0,625.9,625.9,621.6,88,-0.54%,1005,31Aug2018,71,0
20-06-2018,626.4,626.0,628.2,624.3,123,0.51%,987,31Aug2018,72,0
19-06-2018,623.2,631.0,631.0,623.0,146,-1.94%,945,31Aug2018,73,0
18-06-2018,635.5,637.0,637.7,633.9,239,-0.31%,868,31Aug2018,74,0
15-06-2018,637.5,639.0,639.8,634.0,216,-0.42%,692,31Aug2018,77,0
14-06-2018,640.2,631.9,649.9,631.9,121,1.46%,586,31Aug2018,78,0
13-06-2018,631.0,625.3,631.5,624.4,128,-0.24%,534,31Aug2018,79,0
12-06-2018,632.5,638.0,638.1,630.8,293,-1.28%,605,31Aug2018,80,0
11-06-2018,640.7,639.4,641.4,639.4,183,-0.42%,570,31Aug2018,81,0
08-06-2018,643.4,645.0,645.0,643.0,15,-0.33%,390,31Aug2018,84,0
07-06-2018,645.5,645.0,646.1,645.0,32,-1.21%,379,31Aug2018,85,0
06-06-2018,653.4,653.5,653.5,651.5,16,0.65%,351,31Aug2018,86,0
05-06-2018,649.2,638.6,649.7,638.6,257,1.42%,351,31Aug2018,87,0
04-06-2018,640.1,640.1,640.1,640.1,1,-1.52%,112,31Aug2018,88,0
01-06-2018,650.0,648.8,650.5,648.7,107,-0.40%,111,31Aug2018,91,1
31-05-2018,652.6,652.5,653.4,650.4,235,-0.20%,836,31Jul2018,61,0
30-05-2018,653.9,657.4,660.0,653.5,128,-0.61%,809,31Jul2018,62,0
29-05-2018,657.9,657.6,660.1,655.5,351,0.40%,771,31Jul2018,63,0
28-05-2018,655.3,659.1,659.1,655.0,262,-1.59%,643,31Jul2018,64,0
25-05-2018,665.9,665.0,667.9,664.0,74,-0.45%,549,31Jul2018,67,0
24-05-2018,668.9,669.6,671.5,668.1,115,-0.01%,531,31Jul2018,68,0
23-05-2018,669.0,670.0,670.6,667.7,276,-0.15%,541,31Jul2018,69,0
22-05-2018,670.0,668.0,673.0,667.0,345,0.56%,421,31Jul2018,70,0
21-05-2018,666.3,664.0,666.9,660.0,48,0.47%,285,31Jul2018,71,0
18-05-2018,663.2,658.0,664.0,658.0,67,1.34%,262,31Jul2018,74,0
17-05-2018,654.4,652.0,656.5,650.5,136,-0.15%,251,31Jul2018,75,0
16-05-2018,655.4,657.0,659.5,652.2,89,-0.85%,231,31Jul2018,76,0
15-05-2018,661.0,662.5,664.7,659.5,79,0.20%,190,31Jul2018,77,0
14-05-2018,659.7,657.9,661.4,657.9,89,0.00%,178,31Jul2018,78,0
11-05-2018,659.7,661.5,662.1,655.7,162,-0.33%,202,31Jul2018,81,0
10-05-2018,661.9,662.5,668.1,660.5,69,0.75%,165,31Jul2018,82,0
09-05-2018,657.0,657.0,657.0,657.0,1,1.17%,157,31Jul2018,83,0
08-05-2018,649.4,649.5,649.6,649.0,21,-0.09%,157,31Jul2018,84,0
07-05-2018,650.0,648.4,650.2,647.2,57,1.72%,136,31Jul2018,85,0
04-05-2018,639.0,638.0,643.5,638.0,22,0.79%,100,31Jul2018,88,0
03-05-2018,634.0,640.0,640.0,633.8,91,-0.86%,96,31Jul2018,89,0
02-05-2018,639.5,641.0,641.0,637.6,3,-0.39%,18,31Jul2018,90,0
01-05-2018,642.0,642.9,642.9,639.8,8,-0.71%,18,31Jul2018,91,1
30-04-2018,646.6,647.8,649.1,644.8,242,-0.57%,1073,29Jun2018,60,0
27-04-2018,650.3,651.5,653.3,649.0,486,-0.52%,917,29Jun2018,63,0
26-04-2018,653.7,655.0,657.0,652.3,402,-0.59%,744,29Jun2018,64,0
25-04-2018,657.6,651.1,658.5,651.1,96,1.14%,433,29Jun2018,65,0
24-04-2018,650.2,651.1,651.1,649.0,25,-0.28%,467,29Jun2018,66,0
23-04-2018,652.0,651.8,652.5,651.2,22,-0.31%,473,29Jun2018,67,0
20-04-2018,654.0,652.5,655.2,652.5,203,0.68%,478,29Jun2018,70,0
19-04-2018,649.6,649.0,651.8,647.0,137,0.50%,316,29Jun2018,71,0
18-04-2018,646.4,645.0,648.9,645.0,24,-0.11%,273,29Jun2018,72,0
17-04-2018,647.1,640.5,662.0,640.0,371,0.65%,263,29Jun2018,73,0
16-04-2018,642.9,642.5,644.8,641.6,43,-0.54%,208,29Jun2018,74,0
13-04-2018,646.4,646.5,648.5,646.0,40,-0.31%,199,29Jun2018,77,0
12-04-2018,648.4,652.0,652.0,647.5,101,-0.90%,168,29Jun2018,78,0
11-04-2018,654.3,653.5,658.4,653.0,120,-0.05%,120,29Jun2018,79,0
10-04-2018,654.6,655.0,656.1,653.0,16,-0.55%,94,29Jun2018,80,0
09-04-2018,658.2,660.1,660.1,656.9,25,-0.45%,96,29Jun2018,81,0
06-04-2018,661.2,662.0,663.5,660.1,23,-0.27%,97,29Jun2018,84,0
05-04-2018,663.0,662.0,665.0,661.7,25,0.62%,94,29Jun2018,85,0
04-04-2018,658.9,661.1,662.3,657.0,66,-0.69%,84,29Jun2018,86,0
03-04-2018,663.5,664.0,664.6,658.2,76,-0.36%,85,29Jun2018,87,0
02-04-2018,665.9,665.9,665.9,665.9,1,0.82%,112,29Jun2018,88,0
29-03-2018,660.5,660.5,660.9,659.8,27,0.64%,111,29Jun2018,92,1
28-03-2018,656.3,652.8,656.6,652.1,165,0.41%,763,31May2018,64,0
27-03-2018,653.6,654.8,655.6,653.0,150,-0.56%,705,31May2018,65,0
26-03-2018,657.3,656.7,658.2,654.5,113,-0.08%,656,31May2018,66,0
23-03-2018,657.8,657.6,660.5,656.6,218,-0.08%,620,31May2018,69,0
22-03-2018,658.3,658.7,662.8,656.6,334,0.29%,498,31May2018,70,0
21-03-2018,656.4,652.0,659.2,648.0,205,0.11%,332,31May2018,71,0
20-03-2018,655.7,651.0,657.2,651.0,142,0.80%,402,31May2018,72,0
19-03-2018,650.5,651.2,651.8,648.8,72,-0.63%,308,31May2018,73,0
16-03-2018,654.6,652.0,655.5,651.0,140,0.46%,304,31May2018,76,0
15-03-2018,651.6,648.5,653.3,648.5,62,0.03%,236,31May2018,77,0
14-03-2018,651.4,651.6,656.4,649.0,108,0.51%,228,31May2018,78,0
13-03-2018,648.1,643.1,650.1,640.4,36,0.82%,158,31May2018,79,0
12-03-2018,642.8,647.0,647.5,642.0,55,-0.85%,155,31May2018,80,0
09-03-2018,648.3,649.3,650.9,647.4,106,-0.48%,149,31May2018,83,0
08-03-2018,651.4,644.6,658.0,644.4,213,0.96%,136,31May2018,84,0
07-03-2018,645.2,649.2,649.2,644.9,56,-0.80%,77,31May2018,85,0
06-03-2018,650.4,647.8,652.1,647.8,52,0.74%,57,31May2018,86,0
05-03-2018,645.6,642.7,648.0,638.8,69,3.46%,39,31May2018,87,0
02-03-2018,624.0,0.0,0.0,0.0,0,4.26%,1,31May2018,90,0
01-03-2018,598.5,0.0,0.0,0.0,0,-0.32%,1,31May2018,91,1
28-02-2018,600.4,596.4,601.0,596.4,366,0.70%,1220,30Apr2018,61,0
27-02-2018,596.2,595.0,598.1,595.0,409,0.17%,967,30Apr2018,62,0
26-02-2018,595.2,599.5,600.0,594.7,199,-0.52%,720,30Apr2018,63,0
23-02-2018,598.3,601.0,601.0,597.9,172,0.00%,651,30Apr2018,66,0
22-02-2018,598.3,597.0,600.0,595.0,464,0.66%,568,30Apr2018,67,0
21-02-2018,594.4,591.7,595.6,590.7,155,0.47%,372,30Apr2018,68,0
20-02-2018,591.6,588.8,594.2,587.7,207,0.31%,282,30Apr2018,69,0
19-02-2018,589.8,587.1,590.5,586.5,77,0.99%,228,30Apr2018,70,0
16-02-2018,584.0,583.1,585.4,583.0,38,0.15%,210,30Apr2018,73,0
15-02-2018,583.1,582.1,584.0,582.1,35,0.45%,213,30Apr2018,74,0
14-02-2018,580.5,581.1,581.4,579.5,18,-0.38%,212,30Apr2018,75,0
13-02-2018,582.7,582.4,583.0,582.0,18,-0.22%,211,30Apr2018,76,0
12-02-2018,584.0,582.8,588.0,582.8,71,0.55%,198,30Apr2018,77,0
09-02-2018,580.8,577.4,581.5,577.0,52,0.43%,199,30Apr2018,80,0
08-02-2018,578.3,576.3,579.1,576.1,54,-0.02%,186,30Apr2018,81,0
07-02-2018,578.4,582.0,582.0,577.4,89,0.14%,149,30Apr2018,82,0
06-02-2018,577.6,579.0,579.0,576.0,13,0.05%,106,30Apr2018,83,0
05-02-2018,577.3,576.9,577.5,576.9,3,0.10%,107,30Apr2018,84,0
02-02-2018,576.7,578.2,578.9,575.8,34,-0.09%,108,30Apr2018,87,0
01-02-2018,577.2,572.2,578.2,570.1,50,1.44%,85,30Apr2018,88,1
31-01-2018,569.0,576.3,576.8,568.0,710,-1.01%,2807,28Mar2018,56,0
30-01-2018,574.8,577.0,578.2,574.0,682,-0.91%,2779,28Mar2018,57,0
29-01-2018,580.1,582.0,583.1,577.5,506,0.50%,2661,28Mar2018,58,0
25-01-2018,577.2,574.5,579.6,574.5,524,0.54%,2623,28Mar2018,62,0
24-01-2018,574.1,567.1,575.0,567.0,700,1.22%,2619,28Mar2018,63,0
23-01-2018,567.2,559.2,567.5,559.2,412,1.16%,2455,28Mar2018,64,0
22-01-2018,560.7,562.5,564.0,560.1,401,0.25%,2390,28Mar2018,65,0
19-01-2018,559.3,560.1,560.3,557.5,1530,-0.75%,2421,28Mar2018,68,0
18-01-2018,563.5,565.8,565.9,561.5,769,-0.04%,1768,28Mar2018,69,0
17-01-2018,563.7,565.8,566.1,563.5,1033,-0.86%,1771,28Mar2018,70,0
16-01-2018,568.6,566.9,569.0,566.0,326,-0.14%,1155,28Mar2018,71,0
15-01-2018,569.4,565.4,569.5,564.7,349,0.83%,981,28Mar2018,72,0
12-01-2018,564.7,564.3,566.5,564.3,375,-0.46%,782,28Mar2018,75,0
11-01-2018,567.3,569.0,570.5,567.0,184,-0.77%,600,28Mar2018,76,0
10-01-2018,571.7,567.3,572.5,567.3,150,0.83%,557,28Mar2018,77,0
09-01-2018,567.0,570.4,571.3,565.2,86,-0.35%,544,28Mar2018,78,0
08-01-2018,569.0,567.0,571.6,565.4,190,-0.39%,511,28Mar2018,79,0
05-01-2018,571.2,574.7,576.0,568.3,342,-0.07%,462,28Mar2018,82,0
04-01-2018,571.6,571.7,574.7,571.0,146,-0.45%,373,28Mar2018,83,0
03-01-2018,574.2,568.5,575.2,567.0,321,1.31%,365,28Mar2018,84,0
02-01-2018,566.8,570.0,570.8,565.8,131,-0.26%,255,28Mar2018,85,0
01-01-2018,568.3,566.0,568.9,565.9,65,1.59%,238,28Mar2018,86,1
29-12-2017,559.4,560.4,561.6,555.8,840,-0.37%,3513,28Feb2018,61,0
28-12-2017,561.5,561.9,563.3,561.0,708,0.05%,3283,28Feb2018,62,0
27-12-2017,561.2,563.5,565.0,560.6,481,-0.20%,3178,28Feb2018,63,0
26-12-2017,562.3,557.0,562.5,554.0,891,1.28%,3128,28Feb2018,64,0
22-12-2017,555.2,552.5,557.2,548.5,704,0.13%,3132,28Feb2018,68,0
21-12-2017,554.5,558.3,558.7,553.0,825,-1.23%,3231,28Feb2018,69,0
20-12-2017,561.4,566.0,566.5,561.0,165,-0.73%,2756,28Feb2018,70,0
19-12-2017,565.5,562.6,566.0,561.2,368,-0.09%,2773,28Feb2018,71,0
18-12-2017,566.0,569.8,569.8,565.2,317,-0.61%,2532,28Feb2018,72,0
15-12-2017,569.5,565.1,570.0,562.0,417,1.24%,2414,28Feb2018,75,0
14-12-2017,562.5,560.0,564.0,558.0,833,-0.53%,2297,28Feb2018,76,0
13-12-2017,565.5,565.5,567.0,563.3,224,0.11%,1925,28Feb2018,77,0
12-12-2017,564.9,568.0,568.7,564.0,475,0.23%,1884,28Feb2018,78,0
11-12-2017,563.6,563.5,566.7,561.0,644,-0.02%,1707,28Feb2018,79,0
08-12-2017,563.7,572.8,572.8,563.2,298,-1.64%,1588,28Feb2018,82,0
07-12-2017,573.1,578.1,578.1,572.1,208,-1.22%,1413,28Feb2018,83,0
06-12-2017,580.2,582.8,582.8,577.7,369,-0.53%,1371,28Feb2018,84,0
05-12-2017,583.3,580.0,584.2,579.0,77,0.02%,1257,28Feb2018,85,0
04-12-2017,583.2,591.0,592.0,583.0,148,-0.90%,1247,28Feb2018,86,0
01-12-2017,588.5,588.5,589.3,586.1,178,0.17%,1175,28Feb2018,89,1
30-11-2017,587.5,584.0,590.0,584.0,1307,1.01%,2024,31Jan2018,62,0
29-11-2017,581.6,587.9,588.6,579.4,946,-1.17%,1425,31Jan2018,63,0
28-11-2017,588.5,589.2,591.7,588.0,467,-0.10%,1330,31Jan2018,64,0
27-11-2017,589.1,589.0,593.0,585.0,491,-0.76%,1177,31Jan2018,65,0
24-11-2017,593.6,591.6,594.8,589.9,988,0.64%,1051,31Jan2018,68,0
23-11-2017,589.8,592.0,594.0,589.2,242,-0.84%,998,31Jan2018,69,0
22-11-2017,594.8,589.0,596.6,585.5,494,1.04%,1017,31Jan2018,70,0
21-11-2017,588.7,589.0,591.0,581.5,1050,1.41%,869,31Jan2018,71,0
20-11-2017,580.5,580.5,580.5,580.5,37,3.99%,443,31Jan2018,72,0
17-11-2017,558.2,554.6,560.5,553.0,375,0.69%,458,31Jan2018,75,0
16-11-2017,554.4,567.0,567.7,552.0,204,-1.72%,575,31Jan2018,76,0
15-11-2017,564.1,570.0,570.0,563.8,205,-0.91%,552,31Jan2018,77,0
14-11-2017,569.3,570.0,573.1,566.0,156,-0.19%,470,31Jan2018,78,0
13-11-2017,570.4,570.0,574.8,570.0,80,-0.07%,480,31Jan2018,79,0
10-11-2017,570.8,568.0,573.8,566.0,58,0.25%,502,31Jan2018,82,0
09-11-2017,569.4,570.5,578.5,568.0,99,-0.70%,507,31Jan2018,83,0
08-11-2017,573.4,562.0,574.9,562.0,277,1.97%,523,31Jan2018,84,0
07-11-2017,562.3,554.5,564.0,554.0,209,1.77%,398,31Jan2018,85,0
06-11-2017,552.5,556.4,558.4,551.7,195,-0.67%,339,31Jan2018,86,0
03-11-2017,556.2,556.0,559.0,550.9,220,-0.32%,345,31Jan2018,89,0
02-11-2017,558.0,553.0,560.0,550.0,279,1.05%,405,31Jan2018,90,0
01-11-2017,552.2,542.1,552.8,539.4,422,1.92%,432,31Jan2018,91,1
31-10-2017,541.8,545.4,547.3,540.5,961,-0.82%,1412,29Dec2017,59,0
30-10-2017,546.3,547.0,548.3,545.7,581,0.70%,1129,29Dec2017,60,0
27-10-2017,542.5,543.1,546.0,542.0,582,-0.11%,913,29Dec2017,63,0
26-10-2017,543.1,542.0,543.7,540.7,254,0.39%,943,29Dec2017,64,0
25-10-2017,541.0,540.0,543.3,540.0,688,0.13%,912,29Dec2017,65,0
24-10-2017,540.3,542.5,543.1,537.0,793,0.06%,894,29Dec2017,66,0
23-10-2017,540.0,539.5,541.4,537.7,342,-0.13%,883,29Dec2017,67,0
20-10-2017,540.7,536.7,542.0,536.7,197,1.10%,781,29Dec2017,70,0
19-10-2017,534.8,533.8,535.1,533.8,19,0.04%,703,29Dec2017,71,0
18-10-2017,534.6,535.3,535.3,531.0,60,0.28%,702,29Dec2017,72,0
17-10-2017,533.1,534.0,535.0,532.2,121,0.06%,684,29Dec2017,73,0
16-10-2017,532.8,532.6,534.4,532.6,25,-0.30%,653,29Dec2017,74,0
13-10-2017,534.4,531.1,536.0,530.5,71,0.93%,649,29Dec2017,77,0
12-10-2017,529.5,534.0,536.0,528.7,69,-0.66%,647,29Dec2017,78,0
11-10-2017,533.0,532.0,533.8,530.1,132,0.13%,655,29Dec2017,79,0
10-10-2017,532.3,533.6,535.7,529.0,155,-0.52%,710,29Dec2017,80,0
09-10-2017,535.1,535.0,535.3,532.0,92,0.66%,633,29Dec2017,81,0
06-10-2017,531.6,532.8,532.8,530.0,62,0.04%,640,29Dec2017,84,0
05-10-2017,531.4,537.3,537.7,530.5,148,-0.52%,645,29Dec2017,85,0
04-10-2017,534.2,535.0,535.5,533.2,411,0.72%,613,29Dec2017,86,0
03-10-2017,530.4,526.4,534.0,525.3,893,0.19%,382,29Dec2017,87,1
29-09-2017,529.4,531.0,533.7,526.8,930,-0.26%,1310,30Nov2017,62,0
28-09-2017,530.8,534.0,534.4,530.0,799,-0.80%,1107,30Nov2017,63,0
27-09-2017,535.1,540.0,544.0,534.2,349,-1.09%,966,30Nov2017,64,0
26-09-2017,541.0,539.2,543.7,539.2,298,0.74%,880,30Nov2017,65,0
25-09-2017,537.0,538.5,538.5,534.3,67,-0.83%,905,30Nov2017,66,0
22-09-2017,541.5,537.0,542.0,537.0,227,0.95%,911,30Nov2017,69,0
21-09-2017,536.4,537.0,538.5,534.0,272,0.39%,882,30Nov2017,70,0
20-09-2017,534.3,536.9,538.6,532.8,567,-0.34%,959,30Nov2017,71,0
19-09-2017,536.1,534.6,536.5,532.0,630,0.06%,787,30Nov2017,72,0
18-09-2017,535.8,538.0,539.3,534.5,380,-0.74%,558,30Nov2017,73,0
15-09-2017,539.8,540.4,542.0,538.2,153,-0.44%,449,30Nov2017,76,0
14-09-2017,542.2,548.3,549.0,541.0,238,-0.50%,399,30Nov2017,77,0
13-09-2017,544.9,542.0,547.7,541.5,270,1.00%,407,30Nov2017,78,0
12-09-2017,539.5,533.6,540.7,531.0,447,0.95%,315,30Nov2017,79,0
11-09-2017,534.4,531.3,536.0,530.0,66,0.89%,76,30Nov2017,80,0
08-09-2017,529.7,527.9,531.0,527.9,33,0.49%,53,30Nov2017,83,0
07-09-2017,527.1,522.8,530.1,520.4,44,0.71%,52,30Nov2017,84,0
06-09-2017,523.4,527.9,530.5,522.5,56,-0.63%,38,30Nov2017,85,0
05-09-2017,526.7,0.0,0.0,0.0,0,0.00%,7,30Nov2017,86,0
04-09-2017,526.7,526.7,526.7,526.7,1,1.46%,7,30Nov2017,87,0
01-09-2017,519.1,519.0,520.2,518.0,10,0.33%,6,30Nov2017,90,1
31-08-2017,517.4,512.5,518.8,512.5,450,0.96%,1208,31Oct2017,61,0
30-08-2017,512.5,513.5,513.6,512.0,68,0.12%,982,31Oct2017,62,0
29-08-2017,511.9,514.3,515.1,510.0,114,-0.70%,961,31Oct2017,63,0
28-08-2017,515.5,517.5,518.5,513.4,546,-0.41%,952,31Oct2017,64,0
25-08-2017,517.6,517.0,518.0,516.5,80,-0.19%,931,31Oct2017,67,0
24-08-2017,518.6,516.5,520.5,516.0,514,0.93%,906,31Oct2017,68,0
23-08-2017,513.8,516.5,517.5,512.5,228,-0.16%,818,31Oct2017,69,0
22-08-2017,514.6,518.5,520.4,513.6,233,0.12%,740,31Oct2017,70,0
21-08-2017,514.0,510.0,515.2,510.0,218,0.37%,667,31Oct2017,71,0
18-08-2017,512.1,507.0,512.5,507.0,89,1.29%,637,31Oct2017,74,0
17-08-2017,505.6,503.0,506.0,502.8,51,0.90%,637,31Oct2017,75,0
16-08-2017,501.1,497.4,501.9,495.3,60,0.16%,623,31Oct2017,76,0
14-08-2017,500.3,506.0,507.2,499.8,158,0.10%,636,31Oct2017,78,0
11-08-2017,499.8,490.8,504.0,490.0,101,0.91%,636,31Oct2017,81,0
10-08-2017,495.3,488.8,497.0,481.9,220,1.66%,634,31Oct2017,82,0
09-08-2017,487.2,488.8,490.5,486.0,56,-0.16%,603,31Oct2017,83,0
08-08-2017,488.0,485.5,489.0,485.5,51,0.81%,597,31Oct2017,84,0
07-08-2017,484.1,481.0,486.5,479.0,165,0.52%,588,31Oct2017,85,0
04-08-2017,481.6,479.0,482.5,479.0,33,0.73%,546,31Oct2017,88,0
03-08-2017,478.1,484.5,485.5,478.0,784,-1.52%,543,31Oct2017,89,0
02-08-2017,485.5,488.0,489.2,485.0,298,-0.92%,205,31Oct2017,90,0
01-08-2017,490.0,491.6,492.0,487.4,82,-0.39%,124,31Oct2017,91,1
31-07-2017,491.9,492.3,494.1,488.5,390,0.43%,1120,29Sep2017,60,0
28-07-2017,489.8,487.5,490.9,485.2,383,-0.20%,1011,29Sep2017,63,0
27-07-2017,490.8,485.0,494.0,485.0,533,1.64%,858,29Sep2017,64,0
26-07-2017,482.9,477.0,484.5,476.5,456,1.05%,709,29Sep2017,65,0
25-07-2017,477.9,474.0,479.5,474.0,238,1.40%,676,29Sep2017,66,0
24-07-2017,471.3,474.0,474.0,470.4,136,-0.86%,681,29Sep2017,67,0
21-07-2017,475.4,476.0,478.2,474.1,140,-0.46%,636,29Sep2017,70,0
20-07-2017,477.6,475.0,478.3,474.8,220,0.97%,642,29Sep2017,71,0
19-07-2017,473.0,476.0,476.0,471.0,268,-0.92%,599,29Sep2017,72,0
18-07-2017,477.4,479.2,480.0,476.0,217,-0.69%,556,29Sep2017,73,0
17-07-2017,480.7,476.8,481.0,474.1,199,0.78%,453,29Sep2017,74,0
14-07-2017,477.0,470.1,478.0,469.8,306,1.36%,468,29Sep2017,77,0
13-07-2017,470.6,476.8,477.0,470.1,115,-1.69%,338,29Sep2017,78,0
12-07-2017,478.7,480.0,481.1,478.2,41,-0.02%,282,29Sep2017,79,0
11-07-2017,478.8,481.4,481.7,476.1,91,-0.68%,269,29Sep2017,80,0
10-07-2017,482.1,480.0,483.5,480.0,142,0.90%,268,29Sep2017,81,0
07-07-2017,477.8,475.0,479.0,473.1,146,0.21%,222,29Sep2017,84,0
06-07-2017,476.8,476.0,478.0,476.0,93,0.13%,259,29Sep2017,85,0
05-07-2017,476.2,473.4,477.5,471.9,95,0.74%,248,29Sep2017,86,0
04-07-2017,472.7,472.0,473.4,468.4,34,-0.04%,211,29Sep2017,87,0
03-07-2017,472.9,471.0,473.6,471.0,19,0.04%,200,29Sep2017,88,1
30-06-2017,472.7,471.4,476.0,471.4,749,0.13%,1954,31Aug2017,62,0
29-06-2017,472.1,467.0,472.6,466.0,464,1.29%,1711,31Aug2017,63,0
28-06-2017,466.1,468.4,469.0,464.1,195,-0.58%,1719,31Aug2017,64,0
27-06-2017,468.8,463.5,469.9,463.0,235,1.25%,1711,31Aug2017,65,0
26-06-2017,463.0,462.1,463.6,462.1,24,0.11%,1740,31Aug2017,66,0
23-06-2017,462.5,459.8,464.2,459.8,146,0.02%,1743,31Aug2017,69,0
22-06-2017,462.4,463.5,463.9,459.9,474,-0.13%,1731,31Aug2017,70,0
21-06-2017,463.0,464.3,466.5,461.9,504,-0.28%,1411,31Aug2017,71,0
20-06-2017,464.3,473.3,473.3,463.6,488,-2.07%,1411,31Aug2017,72,0
19-06-2017,474.1,478.7,478.7,473.9,212,-0.61%,1293,31Aug2017,73,0
16-06-2017,477.0,479.0,480.4,476.0,385,-0.17%,1196,31Aug2017,76,0
15-06-2017,477.8,475.0,478.4,475.0,217,0.17%,1044,31Aug2017,77,0
14-06-2017,477.0,477.2,478.0,474.8,324,0.10%,939,31Aug2017,78,0
13-06-2017,476.5,479.6,480.6,476.0,139,-1.08%,739,31Aug2017,79,0
12-06-2017,481.7,476.7,482.0,475.2,139,1.26%,762,31Aug2017,80,0
09-06-2017,475.7,477.0,477.0,472.9,156,0.15%,808,31Aug2017,83,0
08-06-2017,475.0,477.6,477.6,474.0,14,0.00%,794,31Aug2017,84,0
07-06-2017,475.0,479.7,480.0,474.3,300,-0.48%,794,31Aug2017,85,0
06-06-2017,477.3,472.4,478.0,471.5,218,0.95%,767,31Aug2017,86,0
05-06-2017,472.8,472.3,476.0,472.1,110,-0.23%,721,31Aug2017,87,0
02-06-2017,473.9,477.2,477.2,473.4,64,-0.44%,706,31Aug2017,90,0
01-06-2017,476.0,478.1,478.9,475.3,75,-2.22%,686,31Aug2017,91,1
31-05-2017,486.8,481.9,487.3,481.2,278,1.02%,1173,31Jul2017,61,0
30-05-2017,481.9,482.3,484.7,481.2,489,-0.68%,1153,31Jul2017,62,0
29-05-2017,485.2,490.6,490.6,483.6,228,-1.38%,1075,31Jul2017,63,0
26-05-2017,492.0,497.0,497.0,491.5,322,-1.32%,1095,31Jul2017,66,0
25-05-2017,498.6,500.1,502.8,498.0,674,-0.10%,967,31Jul2017,67,0
24-05-2017,499.1,497.4,500.2,497.4,1028,-0.34%,899,31Jul2017,68,0
23-05-2017,500.8,500.5,501.5,496.5,332,0.10%,1076,31Jul2017,69,0
22-05-2017,500.3,499.0,501.3,498.5,360,0.89%,1098,31Jul2017,70,0
19-05-2017,495.9,490.4,496.5,489.4,447,1.33%,1131,31Jul2017,73,0
18-05-2017,489.4,492.0,493.0,487.1,464,-0.31%,1094,31Jul2017,74,0
17-05-2017,490.9,490.0,493.7,489.6,222,0.51%,1090,31Jul2017,75,0
16-05-2017,488.4,485.7,490.0,483.5,228,0.54%,1081,31Jul2017,76,0
15-05-2017,485.8,483.9,486.4,482.7,307,0.70%,1095,31Jul2017,77,0
12-05-2017,482.4,480.9,483.0,478.2,216,0.29%,1127,31Jul2017,80,0
11-05-2017,481.0,476.0,482.8,476.0,435,0.82%,1174,31Jul2017,81,0
10-05-2017,477.1,477.8,478.8,475.2,94,-0.17%,1272,31Jul2017,82,0
09-05-2017,477.9,475.4,478.2,475.0,358,0.76%,1243,31Jul2017,83,0
08-05-2017,474.3,476.0,479.7,473.6,312,0.23%,1288,31Jul2017,84,0
05-05-2017,473.2,465.2,474.1,464.1,428,1.33%,1298,31Jul2017,87,0
04-05-2017,467.0,465.2,468.4,465.2,224,0.76%,1270,31Jul2017,88,0
03-05-2017,463.5,464.8,466.7,463.1,230,-0.79%,1213,31Jul2017,89,0
02-05-2017,467.2,465.1,468.6,465.1,123,0.41%,1100,31Jul2017,90,0
01-05-2017,465.3,463.9,465.8,463.9,9,-1.65%,1111,31Jul2017,91,1
28-04-2017,473.1,471.5,476.2,471.5,218,0.08%,1236,30Jun2017,63,0
27-04-2017,472.7,481.8,481.9,472.0,720,-1.48%,1209,30Jun2017,64,0
26-04-2017,479.8,474.9,481.0,474.0,395,0.80%,1347,30Jun2017,65,0
25-04-2017,476.0,476.0,477.3,471.6,304,-1.20%,1312,30Jun2017,66,0
24-04-2017,481.8,480.5,484.4,479.4,262,0.71%,1316,30Jun2017,67,0
21-04-2017,478.4,480.0,481.5,476.7,374,0.15%,1327,30Jun2017,70,0
20-04-2017,477.7,471.0,478.6,469.6,376,1.55%,1280,30Jun2017,71,0
19-04-2017,470.4,471.0,472.8,468.7,562,-0.47%,1342,30Jun2017,72,0
18-04-2017,472.6,476.8,476.8,469.8,548,-1.21%,1190,30Jun2017,73,0
17-04-2017,478.4,477.1,479.1,470.3,373,0.61%,837,30Jun2017,74,0
13-04-2017,475.5,480.0,480.4,473.5,204,-0.44%,755,30Jun2017,78,0
12-04-2017,477.6,474.3,478.4,473.8,172,0.04%,734,30Jun2017,79,0
11-04-2017,477.4,478.9,482.9,476.4,282,-0.13%,741,30Jun2017,80,0
10-04-2017,478.0,482.8,483.5,476.4,440,-1.85%,674,30Jun2017,81,0
07-04-2017,487.0,482.7,487.8,479.2,279,-0.04%,475,30Jun2017,84,0
06-04-2017,487.2,491.0,494.8,486.3,218,-0.63%,428,30Jun2017,85,0
05-04-2017,490.3,490.8,495.0,489.1,162,1.01%,378,30Jun2017,86,0
04-04-2017,485.4,484.0,486.0,482.7,51,-0.33%,364,30Jun2017,87,0
03-04-2017,487.0,481.8,488.5,481.4,174,-1.38%,348,30Jun2017,88,1
31-03-2017,493.8,497.5,497.7,493.0,354,-0.30%,2510,31May2017,61,0
30-03-2017,495.3,495.5,496.9,492.5,581,-0.50%,2372,31May2017,62,0
29-03-2017,497.8,500.0,502.6,497.0,590,-0.66%,2261,31May2017,63,0
28-03-2017,501.1,500.0,501.9,497.5,708,0.74%,2130,31May2017,64,0
27-03-2017,497.4,502.0,502.0,493.5,293,-1.07%,1886,31May2017,65,0
24-03-2017,502.8,505.4,507.5,502.1,313,-1.47%,1913,31May2017,68,0
23-03-2017,510.3,508.5,511.9,507.3,672,-0.41%,1857,31May2017,69,0
22-03-2017,512.4,513.0,518.1,508.6,943,-0.10%,1782,31May2017,70,0
21-03-2017,512.9,506.7,514.5,506.1,730,1.10%,1669,31May2017,71,0
20-03-2017,507.3,504.0,508.4,503.4,557,0.40%,1381,31May2017,72,0
17-03-2017,505.3,507.0,508.5,499.0,871,-0.02%,1163,31May2017,75,0
16-03-2017,505.4,502.7,509.4,502.7,272,0.74%,675,31May2017,76,0
15-03-2017,501.7,499.0,506.8,497.8,377,0.97%,641,31May2017,77,0
14-03-2017,496.9,496.5,503.7,493.5,128,0.67%,508,31May2017,78,0
13-03-2017,493.6,504.5,504.5,493.2,142,-2.91%,488,31May2017,79,0
10-03-2017,508.4,509.2,512.8,504.8,373,-1.15%,443,31May2017,82,0
09-03-2017,514.3,518.6,521.0,511.7,106,-0.91%,337,31May2017,83,0
08-03-2017,519.0,516.5,522.3,514.7,186,0.60%,316,31May2017,84,0
07-03-2017,515.9,519.9,525.0,515.0,254,-1.47%,302,31May2017,85,0
06-03-2017,523.6,527.9,530.6,522.0,110,0.04%,238,31May2017,86,0
03-03-2017,523.4,522.9,524.6,519.0,94,-0.19%,204,31May2017,89,0
02-03-2017,524.4,523.1,528.0,522.0,71,0.31%,187,31May2017,90,0
01-03-2017,522.8,527.0,528.0,518.0,155,-3.01%,184,31May2017,91,1
28-02-2017,539.0,525.0,541.2,524.5,900,2.57%,1460,28Apr2017,59,0
27-02-2017,525.5,526.0,531.1,522.8,330,-0.74%,1657,28Apr2017,60,0
24-02-2017,529.4,524.0,530.0,524.0,195,1.59%,1697,28Apr2017,63,0
23-02-2017,521.1,527.7,527.7,520.6,453,-2.20%,1659,28Apr2017,64,0
22-02-2017,532.8,532.3,534.5,526.5,1913,0.24%,1551,28Apr2017,65,0
21-02-2017,531.5,535.9,538.5,527.0,829,-0.88%,1090,28Apr2017,66,0
20-02-2017,536.2,540.8,541.7,535.6,52,-1.03%,706,28Apr2017,67,0
17-02-2017,541.8,540.1,543.0,539.0,168,-0.93%,700,28Apr2017,70,0
16-02-2017,546.9,550.7,550.7,544.0,192,-0.83%,645,28Apr2017,71,0
15-02-2017,551.5,550.0,554.0,549.7,87,0.64%,656,28Apr2017,72,0
14-02-2017,548.0,549.8,550.1,543.1,298,-0.78%,636,28Apr2017,73,0
13-02-2017,552.3,557.0,557.0,550.9,63,-1.09%,601,28Apr2017,74,0
10-02-2017,558.4,565.9,567.4,557.6,1055,-1.06%,598,28Apr2017,77,0
09-02-2017,564.4,563.7,565.4,563.5,73,0.43%,196,28Apr2017,78,0
08-02-2017,562.0,562.9,563.5,561.1,117,0.43%,217,28Apr2017,79,0
07-02-2017,559.6,558.0,560.7,558.0,63,0.39%,190,28Apr2017,80,0
06-02-2017,557.4,558.4,559.5,555.9,55,0.16%,179,28Apr2017,81,0
03-02-2017,556.5,560.1,560.1,554.4,75,-0.75%,167,28Apr2017,84,0
02-02-2017,560.7,561.4,564.1,558.8,72,0.21%,139,28Apr2017,85,0
01-02-2017,559.5,555.7,560.3,553.0,51,-0.76%,120,28Apr2017,86,1
31-01-2017,563.8,558.0,566.6,557.5,485,0.70%,923,31Mar2017,59,0
30-01-2017,559.9,565.0,565.0,559.2,517,-1.22%,899,31Mar2017,60,0
27-01-2017,566.8,575.0,575.0,566.3,469,-2.16%,843,31Mar2017,63,0
25-01-2017,579.3,578.0,580.8,575.0,250,-0.10%,936,31Mar2017,65,0
24-01-2017,579.9,576.6,581.5,576.6,753,1.22%,921,31Mar2017,66,0
23-01-2017,572.9,573.6,574.4,569.3,231,-0.17%,601,31Mar2017,67,0
20-01-2017,573.9,578.3,578.5,572.0,141,-0.76%,450,31Mar2017,70,0
19-01-2017,578.3,582.0,582.9,577.8,91,-0.70%,430,31Mar2017,71,0
18-01-2017,582.4,582.0,583.0,581.0,62,-0.07%,414,31Mar2017,72,0
17-01-2017,582.8,577.5,583.5,577.5,396,1.15%,412,31Mar2017,73,0
16-01-2017,576.2,574.9,577.5,574.5,70,0.30%,379,31Mar2017,74,0
13-01-2017,574.5,576.0,577.1,573.0,173,0.19%,379,31Mar2017,77,0
12-01-2017,573.4,575.0,575.4,572.4,104,0.07%,383,31Mar2017,78,0
11-01-2017,573.0,571.8,574.5,571.8,264,0.51%,378,31Mar2017,79,0
10-01-2017,570.1,569.5,571.0,565.8,246,0.18%,299,31Mar2017,80,0
09-01-2017,569.1,567.0,569.3,565.8,111,0.92%,278,31Mar2017,81,0
06-01-2017,563.9,561.3,565.5,558.1,162,0.00%,322,31Mar2017,84,0
05-01-2017,563.9,566.1,567.3,561.0,281,-0.34%,308,31Mar2017,85,0
04-01-2017,565.8,564.0,569.0,561.7,91,0.30%,261,31Mar2017,86,0
03-01-2017,564.1,570.0,570.0,563.2,231,-0.34%,259,31Mar2017,87,0
02-01-2017,566.0,558.5,568.1,558.2,65,,254,31Mar2017,88,0
