commodity,series,detector,msp_flag,n_breaks,regime,n_regimes,regime_start,regime_end,n_obs,regime_realized_vol,suspension_date,any_break_near_suspension,nearest_break_gap_td,naive_pre_persist,naive_post_persist,regime_spans_suspension,alpha,beta,persist,uncond_vol,garch_converged,garch_note
chana,distmed,k2,False,1,1,2,2017-01-03,2018-09-13,443,102.11602137167955,2021-08-16,False,761.0,1.0,1.0000000000019609,False,0.3358646469315359,0.5716936336392072,0.9075582805707432,128.29010982058654,True,
chana,distmed,k2,False,1,2,2,2018-09-14,2025-10-30,1852,66.26917852123258,2021-08-16,False,761.0,1.0,1.0000000000019609,True,0.9772493529397892,0.02275064706021079,1.0,,True,degenerate persist~1 (IGARCH)
wheat,distmed,k2,True,0,1,1,2017-01-03,2025-10-30,2295,12.549048224769788,2021-12-20,False,,0.9999999999699336,0.9715224443589908,True,0.258149617663747,0.7385938387132558,0.9967434563770028,43.169348790304824,True,
castor,distmed,k2,False,0,1,1,2017-01-03,2025-10-30,2274,53.66673062710508,,False,,0.9482593678672652,0.986226129051419,False,0.44074403281646496,0.31478074021380614,0.7555247730302711,57.72453384973846,True,
guarseed413,distmed,k2,False,0,1,1,2017-01-03,2025-10-30,2266,40.99256316473507,,False,,0.9003247458845971,0.8469354637799505,False,0.43344822953940004,0.5080665217918147,0.9415147513312148,52.16976926006095,True,
chana,national,k2,False,0,1,1,2017-01-03,2025-10-30,2295,42.63592963225494,2021-08-16,False,,0.5535350918213229,0.6925618150663028,True,0.55423703314806,0.07502788731523088,0.629264920463291,46.48070023582585,True,
wheat,national,k2,True,0,1,1,2017-01-03,2025-10-30,2295,16.491752903856423,2021-12-20,False,,0.6808347846155335,0.4137256120077362,True,0.540062890732669,0.0,0.540062890732669,17.489348998219924,True,
castor,national,k2,False,0,1,1,2017-01-03,2025-10-30,2274,49.61963206707708,,False,,0.8686627821216619,1.0,False,0.6964019206782011,0.276933018976934,0.9733349396551351,149.2166480240752,True,
guarseed413,national,k2,False,0,1,1,2017-01-03,2025-10-30,2266,45.586016612964826,,False,,0.9984324140918328,0.7183960268356749,False,0.40202770359206647,0.525324614167778,0.9273523177598444,51.11655419421984,True,
chana,distmed,it,False,38,1,39,2017-01-03,2017-02-22,37,124.45749222198529,2021-08-16,False,43.0,1.0,1.0000000000019609,False,,,,,False,regime too short (<250 obs) — GARCH skipped
chana,distmed,it,False,38,2,39,2017-02-23,2017-02-24,2,493.5398020596487,2021-08-16,False,43.0,1.0,1.0000000000019609,False,,,,,False,regime too short (<250 obs) — GARCH skipped
chana,distmed,it,False,38,3,39,2017-02-27,2017-03-16,14,225.7661282428931,2021-08-16,False,43.0,1.0,1.0000000000019609,False,,,,,False,regime too short (<250 obs) — GARCH skipped
chana,distmed,it,False,38,4,39,2017-03-17,2018-01-24,224,56.50179879709458,2021-08-16,False,43.0,1.0,1.0000000000019609,False,,,,,False,regime too short (<250 obs) — GARCH skipped
chana,distmed,it,False,38,5,39,2018-01-25,2018-05-01,69,135.78821562469557,2021-08-16,False,43.0,1.0,1.0000000000019609,False,,,,,False,regime too short (<250 obs) — GARCH skipped
chana,distmed,it,False,38,6,39,2018-05-02,2018-08-13,74,50.756393712749286,2021-08-16,False,43.0,1.0,1.0000000000019609,False,,,,,False,regime too short (<250 obs) — GARCH skipped
chana,distmed,it,False,38,7,39,2018-08-14,2018-09-13,23,184.24133967998046,2021-08-16,False,43.0,1.0,1.0000000000019609,False,,,,,False,regime too short (<250 obs) — GARCH skipped
chana,distmed,it,False,38,8,39,2018-09-14,2019-02-26,118,50.79237746737444,2021-08-16,False,43.0,1.0,1.0000000000019609,False,,,,,False,regime too short (<250 obs) — GARCH skipped
chana,distmed,it,False,38,9,39,2019-02-27,2019-03-21,17,127.24607568242644,2021-08-16,False,43.0,1.0,1.0000000000019609,False,,,,,False,regime too short (<250 obs) — GARCH skipped
chana,distmed,it,False,38,10,39,2019-03-22,2019-08-08,100,32.31522734895626,2021-08-16,False,43.0,1.0,1.0000000000019609,False,,,,,False,regime too short (<250 obs) — GARCH skipped
chana,distmed,it,False,38,11,39,2019-08-09,2019-10-08,43,115.86111272145683,2021-08-16,False,43.0,1.0,1.0000000000019609,False,,,,,False,regime too short (<250 obs) — GARCH skipped
chana,distmed,it,False,38,12,39,2019-10-09,2020-02-19,96,50.38314985302496,2021-08-16,False,43.0,1.0,1.0000000000019609,False,,,,,False,regime too short (<250 obs) — GARCH skipped
chana,distmed,it,False,38,13,39,2020-02-20,2020-05-25,68,111.18713595225279,2021-08-16,False,43.0,1.0,1.0000000000019609,False,,,,,False,regime too short (<250 obs) — GARCH skipped
chana,distmed,it,False,38,14,39,2020-05-26,2020-08-04,51,58.95677701296584,2021-08-16,False,43.0,1.0,1.0000000000019609,False,,,,,False,regime too short (<250 obs) — GARCH skipped
chana,distmed,it,False,38,15,39,2020-08-05,2020-10-28,61,25.186532939435473,2021-08-16,False,43.0,1.0,1.0000000000019609,False,,,,,False,regime too short (<250 obs) — GARCH skipped
chana,distmed,it,False,38,16,39,2020-10-29,2020-12-04,27,52.43349469058244,2021-08-16,False,43.0,1.0,1.0000000000019609,False,,,,,False,regime too short (<250 obs) — GARCH skipped
chana,distmed,it,False,38,17,39,2020-12-07,2021-01-26,37,140.67233971815736,2021-08-16,False,43.0,1.0,1.0000000000019609,False,,,,,False,regime too short (<250 obs) — GARCH skipped
chana,distmed,it,False,38,18,39,2021-01-27,2021-10-13,186,36.546885264380585,2021-08-16,False,43.0,1.0,1.0000000000019609,True,,,,,False,regime too short (<250 obs) — GARCH skipped
chana,distmed,it,False,38,19,39,2021-10-14,2022-03-01,99,69.89452019989456,2021-08-16,False,43.0,1.0,1.0000000000019609,False,,,,,False,regime too short (<250 obs) — GARCH skipped
chana,distmed,it,False,38,20,39,2022-03-02,2022-08-05,113,46.502582965717444,2021-08-16,False,43.0,1.0,1.0000000000019609,False,,,,,False,regime too short (<250 obs) — GARCH skipped
chana,distmed,it,False,38,21,39,2022-08-08,2022-08-19,10,192.685947331603,2021-08-16,False,43.0,1.0,1.0000000000019609,False,,,,,False,regime too short (<250 obs) — GARCH skipped
chana,distmed,it,False,38,22,39,2022-08-22,2022-09-30,30,52.731682469547685,2021-08-16,False,43.0,1.0,1.0000000000019609,False,,,,,False,regime too short (<250 obs) — GARCH skipped
chana,distmed,it,False,38,23,39,2022-10-03,2022-10-26,18,123.67480190370395,2021-08-16,False,43.0,1.0,1.0000000000019609,False,,,,,False,regime too short (<250 obs) — GARCH skipped
chana,distmed,it,False,38,24,39,2022-10-27,2023-01-24,64,43.50965767786618,2021-08-16,False,43.0,1.0,1.0000000000019609,False,,,,,False,regime too short (<250 obs) — GARCH skipped
chana,distmed,it,False,38,25,39,2023-01-25,2023-01-26,2,186.38703547276725,2021-08-16,False,43.0,1.0,1.0000000000019609,False,,,,,False,regime too short (<250 obs) — GARCH skipped
chana,distmed,it,False,38,26,39,2023-01-27,2023-04-14,56,58.414213429524,2021-08-16,False,43.0,1.0,1.0000000000019609,False,,,,,False,regime too short (<250 obs) — GARCH skipped
chana,distmed,it,False,38,27,39,2023-04-17,2023-06-27,52,36.74127729451363,2021-08-16,False,43.0,1.0,1.0000000000019609,False,,,,,False,regime too short (<250 obs) — GARCH skipped
chana,distmed,it,False,38,28,39,2023-06-28,2023-06-29,2,121.54348657495494,2021-08-16,False,43.0,1.0,1.0000000000019609,False,,,,,False,regime too short (<250 obs) — GARCH skipped
chana,distmed,it,False,38,29,39,2023-06-30,2023-12-19,123,29.19898669199923,2021-08-16,False,43.0,1.0,1.0000000000019609,False,,,,,False,regime too short (<250 obs) — GARCH skipped
chana,distmed,it,False,38,30,39,2023-12-20,2024-01-26,28,146.278595815359,2021-08-16,False,43.0,1.0,1.0000000000019609,False,,,,,False,regime too short (<250 obs) — GARCH skipped
chana,distmed,it,False,38,31,39,2024-01-29,2024-04-17,58,57.443352392022184,2021-08-16,False,43.0,1.0,1.0000000000019609,False,,,,,False,regime too short (<250 obs) — GARCH skipped
chana,distmed,it,False,38,32,39,2024-04-18,2024-10-25,135,18.522579607302436,2021-08-16,False,43.0,1.0,1.0000000000019609,False,,,,,False,regime too short (<250 obs) — GARCH skipped
chana,distmed,it,False,38,33,39,2024-10-28,2024-11-29,25,74.52368449837812,2021-08-16,False,43.0,1.0,1.0000000000019609,False,,,,,False,regime too short (<250 obs) — GARCH skipped
chana,distmed,it,False,38,34,39,2024-12-02,2025-01-10,24,59.78070361587866,2021-08-16,False,43.0,1.0,1.0000000000019609,False,,,,,False,regime too short (<250 obs) — GARCH skipped
chana,distmed,it,False,38,35,39,2025-01-13,2025-01-14,2,222.50375326618826,2021-08-16,False,43.0,1.0,1.0000000000019609,False,,,,,False,regime too short (<250 obs) — GARCH skipped
chana,distmed,it,False,38,36,39,2025-01-15,2025-02-24,29,67.85532984700453,2021-08-16,False,43.0,1.0,1.0000000000019609,False,,,,,False,regime too short (<250 obs) — GARCH skipped
chana,distmed,it,False,38,37,39,2025-02-25,2025-03-14,14,182.27208506506554,2021-08-16,False,43.0,1.0,1.0000000000019609,False,,,,,False,regime too short (<250 obs) — GARCH skipped
chana,distmed,it,False,38,38,39,2025-03-17,2025-09-29,141,51.33955516471021,2021-08-16,False,43.0,1.0,1.0000000000019609,False,,,,,False,regime too short (<250 obs) — GARCH skipped
chana,distmed,it,False,38,39,39,2025-09-30,2025-10-30,23,151.38287624228528,2021-08-16,False,43.0,1.0,1.0000000000019609,False,,,,,False,regime too short (<250 obs) — GARCH skipped
wheat,distmed,it,True,31,1,32,2017-01-03,2017-02-16,33,8.39611367488171,2021-12-20,False,45.0,0.9999999999699336,0.9715224443589908,False,,,,,False,regime too short (<250 obs) — GARCH skipped
wheat,distmed,it,True,31,2,32,2017-02-17,2017-03-09,15,13.9291069814646,2021-12-20,False,45.0,0.9999999999699336,0.9715224443589908,False,,,,,False,regime too short (<250 obs) — GARCH skipped
wheat,distmed,it,True,31,3,32,2017-03-10,2017-03-13,2,55.07329679415274,2021-12-20,False,45.0,0.9999999999699336,0.9715224443589908,False,,,,,False,regime too short (<250 obs) — GARCH skipped
wheat,distmed,it,True,31,4,32,2017-03-14,2017-03-24,9,22.60466991124289,2021-12-20,False,45.0,0.9999999999699336,0.9715224443589908,False,,,,,False,regime too short (<250 obs) — GARCH skipped
wheat,distmed,it,True,31,5,32,2017-03-27,2017-08-21,106,3.8797344577891213,2021-12-20,False,45.0,0.9999999999699336,0.9715224443589908,False,,,,,False,regime too short (<250 obs) — GARCH skipped
wheat,distmed,it,True,31,6,32,2017-08-22,2018-03-15,148,5.568989261447737,2021-12-20,False,45.0,0.9999999999699336,0.9715224443589908,False,,,,,False,regime too short (<250 obs) — GARCH skipped
wheat,distmed,it,True,31,7,32,2018-03-16,2018-04-09,17,11.23030448263426,2021-12-20,False,45.0,0.9999999999699336,0.9715224443589908,False,,,,,False,regime too short (<250 obs) — GARCH skipped
wheat,distmed,it,True,31,8,32,2018-04-10,2018-06-26,56,1.3832149420426165,2021-12-20,False,45.0,0.9999999999699336,0.9715224443589908,False,,,,,False,regime too short (<250 obs) — GARCH skipped
wheat,distmed,it,True,31,9,32,2018-06-27,2018-08-13,34,10.834824763703491,2021-12-20,False,45.0,0.9999999999699336,0.9715224443589908,False,,,,,False,regime too short (<250 obs) — GARCH skipped
wheat,distmed,it,True,31,10,32,2018-08-14,2018-09-13,23,27.81457277238893,2021-12-20,False,45.0,0.9999999999699336,0.9715224443589908,False,,,,,False,regime too short (<250 obs) — GARCH skipped
wheat,distmed,it,True,31,11,32,2018-09-14,2019-01-22,93,10.586654077881896,2021-12-20,False,45.0,0.9999999999699336,0.9715224443589908,False,,,,,False,regime too short (<250 obs) — GARCH skipped
wheat,distmed,it,True,31,12,32,2019-01-23,2019-07-18,127,5.059041810651053,2021-12-20,False,45.0,0.9999999999699336,0.9715224443589908,False,,,,,False,regime too short (<250 obs) — GARCH skipped
wheat,distmed,it,True,31,13,32,2019-07-19,2019-08-15,20,17.865130238206923,2021-12-20,False,45.0,0.9999999999699336,0.9715224443589908,False,,,,,False,regime too short (<250 obs) — GARCH skipped
wheat,distmed,it,True,31,14,32,2019-08-16,2020-03-05,145,10.193707021047793,2021-12-20,False,45.0,0.9999999999699336,0.9715224443589908,False,,,,,False,regime too short (<250 obs) — GARCH skipped
wheat,distmed,it,True,31,15,32,2020-03-06,2020-03-30,17,27.694510045922584,2021-12-20,False,45.0,0.9999999999699336,0.9715224443589908,False,,,,,False,regime too short (<250 obs) — GARCH skipped
wheat,distmed,it,True,31,16,32,2020-03-31,2020-07-30,88,13.323602110182835,2021-12-20,False,45.0,0.9999999999699336,0.9715224443589908,False,,,,,False,regime too short (<250 obs) — GARCH skipped
wheat,distmed,it,True,31,17,32,2020-07-31,2020-08-21,16,57.3340237277925,2021-12-20,False,45.0,0.9999999999699336,0.9715224443589908,False,,,,,False,regime too short (<250 obs) — GARCH skipped
wheat,distmed,it,True,31,18,32,2020-08-24,2020-10-07,33,24.337101510963734,2021-12-20,False,45.0,0.9999999999699336,0.9715224443589908,False,,,,,False,regime too short (<250 obs) — GARCH skipped
wheat,distmed,it,True,31,19,32,2020-10-08,2021-01-04,63,15.395959673295517,2021-12-20,False,45.0,0.9999999999699336,0.9715224443589908,False,,,,,False,regime too short (<250 obs) — GARCH skipped
wheat,distmed,it,True,31,20,32,2021-01-05,2021-03-25,58,7.126186790977067,2021-12-20,False,45.0,0.9999999999699336,0.9715224443589908,False,,,,,False,regime too short (<250 obs) — GARCH skipped
wheat,distmed,it,True,31,21,32,2021-03-26,2021-04-12,12,37.49783720357623,2021-12-20,False,45.0,0.9999999999699336,0.9715224443589908,False,,,,,False,regime too short (<250 obs) — GARCH skipped
wheat,distmed,it,True,31,22,32,2021-04-13,2021-05-20,28,12.05724067835859,2021-12-20,False,45.0,0.9999999999699336,0.9715224443589908,False,,,,,False,regime too short (<250 obs) — GARCH skipped
wheat,distmed,it,True,31,23,32,2021-05-21,2021-06-24,25,20.70638668487788,2021-12-20,False,45.0,0.9999999999699336,0.9715224443589908,False,,,,,False,regime too short (<250 obs) — GARCH skipped
wheat,distmed,it,True,31,24,32,2021-06-25,2021-10-15,81,8.970913467052798,2021-12-20,False,45.0,0.9999999999699336,0.9715224443589908,False,,,,,False,regime too short (<250 obs) — GARCH skipped
wheat,distmed,it,True,31,25,32,2021-10-18,2022-02-24,94,7.46137712914137,2021-12-20,False,45.0,0.9999999999699336,0.9715224443589908,True,,,,,False,regime too short (<250 obs) — GARCH skipped
wheat,distmed,it,True,31,26,32,2022-02-25,2022-08-16,123,11.622262473939575,2021-12-20,False,45.0,0.9999999999699336,0.9715224443589908,False,,,,,False,regime too short (<250 obs) — GARCH skipped
wheat,distmed,it,True,31,27,32,2022-08-17,2023-01-19,112,7.002282814315457,2021-12-20,False,45.0,0.9999999999699336,0.9715224443589908,False,,,,,False,regime too short (<250 obs) — GARCH skipped
wheat,distmed,it,True,31,28,32,2023-01-20,2023-03-10,36,20.271590037511622,2021-12-20,False,45.0,0.9999999999699336,0.9715224443589908,False,,,,,False,regime too short (<250 obs) — GARCH skipped
wheat,distmed,it,True,31,29,32,2023-03-13,2023-08-08,107,6.690324387413942,2021-12-20,False,45.0,0.9999999999699336,0.9715224443589908,False,,,,,False,regime too short (<250 obs) — GARCH skipped
wheat,distmed,it,True,31,30,32,2023-08-09,2025-02-20,394,9.216277617302078,2021-12-20,False,45.0,0.9999999999699336,0.9715224443589908,False,0.36518321575931373,3.4030615005113024e-09,0.3651832191623752,9.199866381333573,True,
wheat,distmed,it,True,31,31,32,2025-02-21,2025-03-14,16,37.893597489786984,2021-12-20,False,45.0,0.9999999999699336,0.9715224443589908,False,,,,,False,regime too short (<250 obs) — GARCH skipped
wheat,distmed,it,True,31,32,32,2025-03-17,2025-10-30,164,10.920891005424112,2021-12-20,False,45.0,0.9999999999699336,0.9715224443589908,False,,,,,False,regime too short (<250 obs) — GARCH skipped
castor,distmed,it,False,36,1,37,2017-01-03,2017-05-01,85,52.311612694537224,,False,,0.9482593678672652,0.986226129051419,False,,,,,False,regime too short (<250 obs) — GARCH skipped
castor,distmed,it,False,36,2,37,2017-05-02,2017-10-16,120,39.47975365525538,,False,,0.9482593678672652,0.986226129051419,False,,,,,False,regime too short (<250 obs) — GARCH skipped
castor,distmed,it,False,36,3,37,2017-10-17,2017-10-23,5,211.18124789829162,,False,,0.9482593678672652,0.986226129051419,False,,,,,False,regime too short (<250 obs) — GARCH skipped
castor,distmed,it,False,36,4,37,2017-10-24,2018-01-08,55,35.55795077929055,,False,,0.9482593678672652,0.986226129051419,False,,,,,False,regime too short (<250 obs) — GARCH skipped
castor,distmed,it,False,36,5,37,2018-01-09,2018-08-02,148,21.117990676397916,,False,,0.9482593678672652,0.986226129051419,False,,,,,False,regime too short (<250 obs) — GARCH skipped
castor,distmed,it,False,36,6,37,2018-08-03,2018-09-03,22,60.13169675132331,,False,,0.9482593678672652,0.986226129051419,False,,,,,False,regime too short (<250 obs) — GARCH skipped
castor,distmed,it,False,36,7,37,2018-09-04,2018-11-05,45,52.55379241803212,,False,,0.9482593678672652,0.986226129051419,False,,,,,False,regime too short (<250 obs) — GARCH skipped
castor,distmed,it,False,36,8,37,2018-11-06,2018-11-23,14,120.91604146941728,,False,,0.9482593678672652,0.986226129051419,False,,,,,False,regime too short (<250 obs) — GARCH skipped
castor,distmed,it,False,36,9,37,2018-11-26,2019-08-13,187,28.53967389287063,,False,,0.9482593678672652,0.986226129051419,False,,,,,False,regime too short (<250 obs) — GARCH skipped
castor,distmed,it,False,36,10,37,2019-08-14,2019-08-15,2,339.1768013289395,,False,,0.9482593678672652,0.986226129051419,False,,,,,False,regime too short (<250 obs) — GARCH skipped
castor,distmed,it,False,36,11,37,2019-08-16,2019-10-31,55,81.24488828551976,,False,,0.9482593678672652,0.986226129051419,False,,,,,False,regime too short (<250 obs) — GARCH skipped
castor,distmed,it,False,36,12,37,2019-11-01,2020-03-23,102,33.46386960687715,,False,,0.9482593678672652,0.986226129051419,False,,,,,False,regime too short (<250 obs) — GARCH skipped
castor,distmed,it,False,36,13,37,2020-03-24,2020-03-31,6,163.5589528358902,,False,,0.9482593678672652,0.986226129051419,False,,,,,False,regime too short (<250 obs) — GARCH skipped
castor,distmed,it,False,36,14,37,2020-04-15,2020-07-30,77,29.281732422103392,,False,,0.9482593678672652,0.986226129051419,False,,,,,False,regime too short (<250 obs) — GARCH skipped
castor,distmed,it,False,36,15,37,2020-07-31,2020-08-12,9,162.60541188131552,,False,,0.9482593678672652,0.986226129051419,False,,,,,False,regime too short (<250 obs) — GARCH skipped
castor,distmed,it,False,36,16,37,2020-08-13,2021-04-19,178,40.486440799125106,,False,,0.9482593678672652,0.986226129051419,False,,,,,False,regime too short (<250 obs) — GARCH skipped
castor,distmed,it,False,36,17,37,2021-04-20,2021-05-19,22,173.80503939554492,,False,,0.9482593678672652,0.986226129051419,False,,,,,False,regime too short (<250 obs) — GARCH skipped
castor,distmed,it,False,36,18,37,2021-05-20,2021-10-29,117,54.09642969341864,,False,,0.9482593678672652,0.986226129051419,False,,,,,False,regime too short (<250 obs) — GARCH skipped
castor,distmed,it,False,36,19,37,2021-11-01,2021-11-10,7,223.40509276006847,,False,,0.9482593678672652,0.986226129051419,False,,,,,False,regime too short (<250 obs) — GARCH skipped
castor,distmed,it,False,36,20,37,2021-11-11,2022-01-11,44,44.255754161695954,,False,,0.9482593678672652,0.986226129051419,False,,,,,False,regime too short (<250 obs) — GARCH skipped
castor,distmed,it,False,36,21,37,2022-01-12,2022-01-24,9,87.10242671697371,,False,,0.9482593678672652,0.986226129051419,False,,,,,False,regime too short (<250 obs) — GARCH skipped
castor,distmed,it,False,36,22,37,2022-01-25,2022-01-26,2,240.42373291682838,,False,,0.9482593678672652,0.986226129051419,False,,,,,False,regime too short (<250 obs) — GARCH skipped
castor,distmed,it,False,36,23,37,2022-01-27,2022-03-16,35,74.28171318791941,,False,,0.9482593678672652,0.986226129051419,False,,,,,False,regime too short (<250 obs) — GARCH skipped
castor,distmed,it,False,36,24,37,2022-03-17,2022-03-18,2,385.39756075998037,,False,,0.9482593678672652,0.986226129051419,False,,,,,False,regime too short (<250 obs) — GARCH skipped
castor,distmed,it,False,36,25,37,2022-03-21,2022-11-18,172,67.90800421160225,,False,,0.9482593678672652,0.986226129051419,False,,,,,False,regime too short (<250 obs) — GARCH skipped
castor,distmed,it,False,36,26,37,2022-11-21,2023-08-29,202,28.38605994422491,,False,,0.9482593678672652,0.986226129051419,False,,,,,False,regime too short (<250 obs) — GARCH skipped
castor,distmed,it,False,36,27,37,2023-08-30,2023-09-15,13,73.38510162229879,,False,,0.9482593678672652,0.986226129051419,False,,,,,False,regime too short (<250 obs) — GARCH skipped
castor,distmed,it,False,36,28,37,2023-09-18,2024-01-18,88,30.610133441162667,,False,,0.9482593678672652,0.986226129051419,False,,,,,False,regime too short (<250 obs) — GARCH skipped
castor,distmed,it,False,36,29,37,2024-01-19,2024-01-22,2,102.5392923945416,,False,,0.9482593678672652,0.986226129051419,False,,,,,False,regime too short (<250 obs) — GARCH skipped
castor,distmed,it,False,36,30,37,2024-01-23,2024-04-17,61,38.0197463015457,,False,,0.9482593678672652,0.986226129051419,False,,,,,False,regime too short (<250 obs) — GARCH skipped
castor,distmed,it,False,36,31,37,2024-04-18,2024-08-13,82,20.728164032106342,,False,,0.9482593678672652,0.986226129051419,False,,,,,False,regime too short (<250 obs) — GARCH skipped
castor,distmed,it,False,36,32,37,2024-08-14,2024-11-15,66,42.46545417741227,,False,,0.9482593678672652,0.986226129051419,False,,,,,False,regime too short (<250 obs) — GARCH skipped
castor,distmed,it,False,36,33,37,2024-11-18,2025-02-24,64,25.546716353417704,,False,,0.9482593678672652,0.986226129051419,False,,,,,False,regime too short (<250 obs) — GARCH skipped
castor,distmed,it,False,36,34,37,2025-02-25,2025-02-26,2,109.63055302716239,,False,,0.9482593678672652,0.986226129051419,False,,,,,False,regime too short (<250 obs) — GARCH skipped
castor,distmed,it,False,36,35,37,2025-02-27,2025-08-13,120,25.961503026122962,,False,,0.9482593678672652,0.986226129051419,False,,,,,False,regime too short (<250 obs) — GARCH skipped
castor,distmed,it,False,36,36,37,2025-08-14,2025-08-15,2,221.6389166804719,,False,,0.9482593678672652,0.986226129051419,False,,,,,False,regime too short (<250 obs) — GARCH skipped
castor,distmed,it,False,36,37,37,2025-08-18,2025-10-30,52,61.84911455068583,,False,,0.9482593678672652,0.986226129051419,False,,,,,False,regime too short (<250 obs) — GARCH skipped
guarseed413,distmed,it,False,4,1,5,2017-01-03,2018-11-08,483,22.440287306022935,,False,,0.9003247458845971,0.8469354637799505,False,0.26801804193107026,1.723503540436509e-10,0.2680180421034206,22.6991025666337,True,
guarseed413,distmed,it,False,4,2,5,2018-11-09,2020-02-24,337,18.744602889285172,,False,,0.9003247458845971,0.8469354637799505,False,0.07273561204775357,0.6499082362742776,0.7226438483220312,17.648261949789863,True,
guarseed413,distmed,it,False,4,3,5,2020-02-25,2020-05-06,35,53.115223934744684,,False,,0.9003247458845971,0.8469354637799505,False,,,,,False,regime too short (<250 obs) — GARCH skipped
guarseed413,distmed,it,False,4,4,5,2020-05-14,2020-05-19,4,415.64657263850387,,False,,0.9003247458845971,0.8469354637799505,False,,,,,False,regime too short (<250 obs) — GARCH skipped
guarseed413,distmed,it,False,4,5,5,2020-05-20,2025-10-30,1407,43.38896463849854,,False,,0.9003247458845971,0.8469354637799505,False,0.41611674490209694,0.45848470140782316,0.8746014463099201,46.75787774997388,True,
chana,national,it,False,38,1,39,2017-01-03,2017-02-22,37,54.9004498468379,2021-08-16,False,143.0,0.5535350918213229,0.6925618150663028,False,,,,,False,regime too short (<250 obs) — GARCH skipped
chana,national,it,False,38,2,39,2017-02-23,2017-02-24,2,263.0948604487374,2021-08-16,False,143.0,0.5535350918213229,0.6925618150663028,False,,,,,False,regime too short (<250 obs) — GARCH skipped
chana,national,it,False,38,3,39,2017-02-27,2017-03-13,11,167.5767781448955,2021-08-16,False,143.0,0.5535350918213229,0.6925618150663028,False,,,,,False,regime too short (<250 obs) — GARCH skipped
chana,national,it,False,38,4,39,2017-03-14,2017-08-03,103,27.69636671956349,2021-08-16,False,143.0,0.5535350918213229,0.6925618150663028,False,,,,,False,regime too short (<250 obs) — GARCH skipped
chana,national,it,False,38,5,39,2017-08-04,2017-08-15,8,89.89142408334995,2021-08-16,False,143.0,0.5535350918213229,0.6925618150663028,False,,,,,False,regime too short (<250 obs) — GARCH skipped
chana,national,it,False,38,6,39,2017-08-16,2018-01-24,116,37.539586421874894,2021-08-16,False,143.0,0.5535350918213229,0.6925618150663028,False,,,,,False,regime too short (<250 obs) — GARCH skipped
chana,national,it,False,38,7,39,2018-01-25,2018-01-26,2,177.2435556257372,2021-08-16,False,143.0,0.5535350918213229,0.6925618150663028,False,,,,,False,regime too short (<250 obs) — GARCH skipped
chana,national,it,False,38,8,39,2018-01-29,2018-03-06,27,70.73317610123094,2021-08-16,False,143.0,0.5535350918213229,0.6925618150663028,False,,,,,False,regime too short (<250 obs) — GARCH skipped
chana,national,it,False,38,9,39,2018-03-07,2018-04-16,29,41.83009885534476,2021-08-16,False,143.0,0.5535350918213229,0.6925618150663028,False,,,,,False,regime too short (<250 obs) — GARCH skipped
chana,national,it,False,38,10,39,2018-04-17,2018-05-01,11,81.85082279240468,2021-08-16,False,143.0,0.5535350918213229,0.6925618150663028,False,,,,,False,regime too short (<250 obs) — GARCH skipped
chana,national,it,False,38,11,39,2018-05-02,2018-08-13,74,26.105026998480536,2021-08-16,False,143.0,0.5535350918213229,0.6925618150663028,False,,,,,False,regime too short (<250 obs) — GARCH skipped
chana,national,it,False,38,12,39,2018-08-14,2018-09-13,23,99.93418652232862,2021-08-16,False,143.0,0.5535350918213229,0.6925618150663028,False,,,,,False,regime too short (<250 obs) — GARCH skipped
chana,national,it,False,38,13,39,2018-09-14,2018-11-22,50,46.33975438219822,2021-08-16,False,143.0,0.5535350918213229,0.6925618150663028,False,,,,,False,regime too short (<250 obs) — GARCH skipped
chana,national,it,False,38,14,39,2018-11-23,2019-02-15,61,28.52793739863394,2021-08-16,False,143.0,0.5535350918213229,0.6925618150663028,False,,,,,False,regime too short (<250 obs) — GARCH skipped
chana,national,it,False,38,15,39,2019-02-18,2019-03-04,11,78.07091460807003,2021-08-16,False,143.0,0.5535350918213229,0.6925618150663028,False,,,,,False,regime too short (<250 obs) — GARCH skipped
chana,national,it,False,38,16,39,2019-03-05,2019-04-19,34,54.09358763792865,2021-08-16,False,143.0,0.5535350918213229,0.6925618150663028,False,,,,,False,regime too short (<250 obs) — GARCH skipped
chana,national,it,False,38,17,39,2019-04-22,2019-08-08,79,18.976289398055687,2021-08-16,False,143.0,0.5535350918213229,0.6925618150663028,False,,,,,False,regime too short (<250 obs) — GARCH skipped
chana,national,it,False,38,18,39,2019-08-09,2019-09-10,23,57.1795806736898,2021-08-16,False,143.0,0.5535350918213229,0.6925618150663028,False,,,,,False,regime too short (<250 obs) — GARCH skipped
chana,national,it,False,38,19,39,2019-09-11,2020-02-18,115,33.50267470996772,2021-08-16,False,143.0,0.5535350918213229,0.6925618150663028,False,,,,,False,regime too short (<250 obs) — GARCH skipped
chana,national,it,False,38,20,39,2020-02-19,2020-04-16,42,68.92196396071127,2021-08-16,False,143.0,0.5535350918213229,0.6925618150663028,False,,,,,False,regime too short (<250 obs) — GARCH skipped
chana,national,it,False,38,21,39,2020-04-17,2020-11-10,148,26.193057719277036,2021-08-16,False,143.0,0.5535350918213229,0.6925618150663028,False,,,,,False,regime too short (<250 obs) — GARCH skipped
chana,national,it,False,38,22,39,2020-11-11,2021-01-22,53,55.53183210873805,2021-08-16,False,143.0,0.5535350918213229,0.6925618150663028,False,,,,,False,regime too short (<250 obs) — GARCH skipped
chana,national,it,False,38,23,39,2021-01-25,2021-01-26,2,215.73931201145044,2021-08-16,False,143.0,0.5535350918213229,0.6925618150663028,False,,,,,False,regime too short (<250 obs) — GARCH skipped
chana,national,it,False,38,24,39,2021-01-27,2022-08-05,398,31.882493841782075,2021-08-16,False,143.0,0.5535350918213229,0.6925618150663028,True,0.5683145823849716,2.969263107153381e-09,0.5683145853542346,33.1217434876389,True,
chana,national,it,False,38,25,39,2022-08-08,2022-10-26,58,61.06458740336005,2021-08-16,False,143.0,0.5535350918213229,0.6925618150663028,False,,,,,False,regime too short (<250 obs) — GARCH skipped
chana,national,it,False,38,26,39,2022-10-27,2023-01-24,64,24.828738327692637,2021-08-16,False,143.0,0.5535350918213229,0.6925618150663028,False,,,,,False,regime too short (<250 obs) — GARCH skipped
chana,national,it,False,38,27,39,2023-01-25,2023-01-26,2,93.68482960693945,2021-08-16,False,143.0,0.5535350918213229,0.6925618150663028,False,,,,,False,regime too short (<250 obs) — GARCH skipped
chana,national,it,False,38,28,39,2023-01-27,2023-12-19,233,22.652261944843037,2021-08-16,False,143.0,0.5535350918213229,0.6925618150663028,False,,,,,False,regime too short (<250 obs) — GARCH skipped
chana,national,it,False,38,29,39,2023-12-20,2024-01-26,28,58.79958990653211,2021-08-16,False,143.0,0.5535350918213229,0.6925618150663028,False,,,,,False,regime too short (<250 obs) — GARCH skipped
chana,national,it,False,38,30,39,2024-01-29,2024-04-09,52,33.93140917598016,2021-08-16,False,143.0,0.5535350918213229,0.6925618150663028,False,,,,,False,regime too short (<250 obs) — GARCH skipped
chana,national,it,False,38,31,39,2024-04-10,2024-10-24,140,18.267547715836834,2021-08-16,False,143.0,0.5535350918213229,0.6925618150663028,False,,,,,False,regime too short (<250 obs) — GARCH skipped
chana,national,it,False,38,32,39,2024-10-25,2024-11-01,6,46.907299347414956,2021-08-16,False,143.0,0.5535350918213229,0.6925618150663028,False,,,,,False,regime too short (<250 obs) — GARCH skipped
chana,national,it,False,38,33,39,2024-11-04,2024-11-29,20,48.98123260103664,2021-08-16,False,143.0,0.5535350918213229,0.6925618150663028,False,,,,,False,regime too short (<250 obs) — GARCH skipped
chana,national,it,False,38,34,39,2024-12-02,2025-01-10,24,30.888443708916807,2021-08-16,False,143.0,0.5535350918213229,0.6925618150663028,False,,,,,False,regime too short (<250 obs) — GARCH skipped
chana,national,it,False,38,35,39,2025-01-13,2025-01-14,2,142.84311126346756,2021-08-16,False,143.0,0.5535350918213229,0.6925618150663028,False,,,,,False,regime too short (<250 obs) — GARCH skipped
chana,national,it,False,38,36,39,2025-01-15,2025-02-24,29,39.77222703426543,2021-08-16,False,143.0,0.5535350918213229,0.6925618150663028,False,,,,,False,regime too short (<250 obs) — GARCH skipped
chana,national,it,False,38,37,39,2025-02-25,2025-03-14,14,107.95921803243927,2021-08-16,False,143.0,0.5535350918213229,0.6925618150663028,False,,,,,False,regime too short (<250 obs) — GARCH skipped
chana,national,it,False,38,38,39,2025-03-17,2025-09-30,142,36.43947159566514,2021-08-16,False,143.0,0.5535350918213229,0.6925618150663028,False,,,,,False,regime too short (<250 obs) — GARCH skipped
chana,national,it,False,38,39,39,2025-10-01,2025-10-30,22,85.19699690993257,2021-08-16,False,143.0,0.5535350918213229,0.6925618150663028,False,,,,,False,regime too short (<250 obs) — GARCH skipped
wheat,national,it,True,35,1,36,2017-01-03,2017-03-09,48,13.160685512615872,2021-12-20,True,26.0,0.6808347846155335,0.4137256120077362,False,,,,,False,regime too short (<250 obs) — GARCH skipped
wheat,national,it,True,35,2,36,2017-03-10,2017-03-13,2,125.14030900585206,2021-12-20,True,26.0,0.6808347846155335,0.4137256120077362,False,,,,,False,regime too short (<250 obs) — GARCH skipped
wheat,national,it,True,35,3,36,2017-03-14,2017-03-24,9,64.45927508332446,2021-12-20,True,26.0,0.6808347846155335,0.4137256120077362,False,,,,,False,regime too short (<250 obs) — GARCH skipped
wheat,national,it,True,35,4,36,2017-03-27,2017-10-13,145,13.397812888143093,2021-12-20,True,26.0,0.6808347846155335,0.4137256120077362,False,,,,,False,regime too short (<250 obs) — GARCH skipped
wheat,national,it,True,35,5,36,2017-10-16,2017-10-19,4,46.258217452271644,2021-12-20,True,26.0,0.6808347846155335,0.4137256120077362,False,,,,,False,regime too short (<250 obs) — GARCH skipped
wheat,national,it,True,35,6,36,2017-10-20,2018-02-08,80,11.099722960646133,2021-12-20,True,26.0,0.6808347846155335,0.4137256120077362,False,,,,,False,regime too short (<250 obs) — GARCH skipped
wheat,national,it,True,35,7,36,2018-02-09,2018-03-30,36,16.169709874774647,2021-12-20,True,26.0,0.6808347846155335,0.4137256120077362,False,,,,,False,regime too short (<250 obs) — GARCH skipped
wheat,national,it,True,35,8,36,2018-04-02,2018-08-13,96,8.455495125856206,2021-12-20,True,26.0,0.6808347846155335,0.4137256120077362,False,,,,,False,regime too short (<250 obs) — GARCH skipped
wheat,national,it,True,35,9,36,2018-08-14,2018-08-22,7,46.324069267273806,2021-12-20,True,26.0,0.6808347846155335,0.4137256120077362,False,,,,,False,regime too short (<250 obs) — GARCH skipped
wheat,national,it,True,35,10,36,2018-08-23,2018-11-09,57,17.398242314637425,2021-12-20,True,26.0,0.6808347846155335,0.4137256120077362,False,,,,,False,regime too short (<250 obs) — GARCH skipped
wheat,national,it,True,35,11,36,2018-11-12,2019-03-19,92,10.298569767470719,2021-12-20,True,26.0,0.6808347846155335,0.4137256120077362,False,,,,,False,regime too short (<250 obs) — GARCH skipped
wheat,national,it,True,35,12,36,2019-03-20,2019-05-07,35,16.703660091953253,2021-12-20,True,26.0,0.6808347846155335,0.4137256120077362,False,,,,,False,regime too short (<250 obs) — GARCH skipped
wheat,national,it,True,35,13,36,2019-05-08,2019-08-08,67,9.11739814308766,2021-12-20,True,26.0,0.6808347846155335,0.4137256120077362,False,,,,,False,regime too short (<250 obs) — GARCH skipped
wheat,national,it,True,35,14,36,2019-08-09,2019-08-15,5,33.89079348116939,2021-12-20,True,26.0,0.6808347846155335,0.4137256120077362,False,,,,,False,regime too short (<250 obs) — GARCH skipped
wheat,national,it,True,35,15,36,2019-08-16,2019-10-29,53,17.28497699097811,2021-12-20,True,26.0,0.6808347846155335,0.4137256120077362,False,,,,,False,regime too short (<250 obs) — GARCH skipped
wheat,national,it,True,35,16,36,2019-10-30,2020-02-19,81,10.790969847450102,2021-12-20,True,26.0,0.6808347846155335,0.4137256120077362,False,,,,,False,regime too short (<250 obs) — GARCH skipped
wheat,national,it,True,35,17,36,2020-02-20,2020-04-13,38,23.036895184003757,2021-12-20,True,26.0,0.6808347846155335,0.4137256120077362,False,,,,,False,regime too short (<250 obs) — GARCH skipped
wheat,national,it,True,35,18,36,2020-04-14,2020-06-24,52,9.008218803488099,2021-12-20,True,26.0,0.6808347846155335,0.4137256120077362,False,,,,,False,regime too short (<250 obs) — GARCH skipped
wheat,national,it,True,35,19,36,2020-06-25,2020-07-01,5,28.683540575994172,2021-12-20,True,26.0,0.6808347846155335,0.4137256120077362,False,,,,,False,regime too short (<250 obs) — GARCH skipped
wheat,national,it,True,35,20,36,2020-07-02,2020-07-30,21,11.173385739548422,2021-12-20,True,26.0,0.6808347846155335,0.4137256120077362,False,,,,,False,regime too short (<250 obs) — GARCH skipped
wheat,national,it,True,35,21,36,2020-07-31,2020-08-03,2,50.9245883962839,2021-12-20,True,26.0,0.6808347846155335,0.4137256120077362,False,,,,,False,regime too short (<250 obs) — GARCH skipped
wheat,national,it,True,35,22,36,2020-08-04,2020-12-01,86,21.39309050112077,2021-12-20,True,26.0,0.6808347846155335,0.4137256120077362,False,,,,,False,regime too short (<250 obs) — GARCH skipped
wheat,national,it,True,35,23,36,2020-12-02,2021-03-25,82,10.787328557868477,2021-12-20,True,26.0,0.6808347846155335,0.4137256120077362,False,,,,,False,regime too short (<250 obs) — GARCH skipped
wheat,national,it,True,35,24,36,2021-03-26,2021-04-02,6,68.03926868609467,2021-12-20,True,26.0,0.6808347846155335,0.4137256120077362,False,,,,,False,regime too short (<250 obs) — GARCH skipped
wheat,national,it,True,35,25,36,2021-04-05,2021-09-30,129,12.682885870344908,2021-12-20,True,26.0,0.6808347846155335,0.4137256120077362,False,,,,,False,regime too short (<250 obs) — GARCH skipped
wheat,national,it,True,35,26,36,2021-10-01,2021-10-04,2,89.17974504621641,2021-12-20,True,26.0,0.6808347846155335,0.4137256120077362,False,,,,,False,regime too short (<250 obs) — GARCH skipped
wheat,national,it,True,35,27,36,2021-10-05,2021-10-15,9,32.759900746386904,2021-12-20,True,26.0,0.6808347846155335,0.4137256120077362,False,,,,,False,regime too short (<250 obs) — GARCH skipped
wheat,national,it,True,35,28,36,2021-10-18,2022-01-24,71,10.588665426355249,2021-12-20,True,26.0,0.6808347846155335,0.4137256120077362,True,,,,,False,regime too short (<250 obs) — GARCH skipped
wheat,national,it,True,35,29,36,2022-01-25,2022-05-13,79,16.488532349283165,2021-12-20,True,26.0,0.6808347846155335,0.4137256120077362,False,,,,,False,regime too short (<250 obs) — GARCH skipped
wheat,national,it,True,35,30,36,2022-05-16,2022-08-05,60,9.41087984976583,2021-12-20,True,26.0,0.6808347846155335,0.4137256120077362,False,,,,,False,regime too short (<250 obs) — GARCH skipped
wheat,national,it,True,35,31,36,2022-08-08,2022-08-16,7,35.13964261683782,2021-12-20,True,26.0,0.6808347846155335,0.4137256120077362,False,,,,,False,regime too short (<250 obs) — GARCH skipped
wheat,national,it,True,35,32,36,2022-08-17,2023-01-17,110,10.072261350190184,2021-12-20,True,26.0,0.6808347846155335,0.4137256120077362,False,,,,,False,regime too short (<250 obs) — GARCH skipped
wheat,national,it,True,35,33,36,2023-01-18,2023-04-14,63,25.600532042429563,2021-12-20,True,26.0,0.6808347846155335,0.4137256120077362,False,,,,,False,regime too short (<250 obs) — GARCH skipped
wheat,national,it,True,35,34,36,2023-04-17,2024-08-13,345,14.954712637005061,2021-12-20,True,26.0,0.6808347846155335,0.4137256120077362,False,0.28356191736476144,1.8067768372780066e-13,0.28356191736494213,14.670443318668841,True,
wheat,national,it,True,35,35,36,2024-08-14,2025-03-14,147,18.904404359936457,2021-12-20,True,26.0,0.6808347846155335,0.4137256120077362,False,,,,,False,regime too short (<250 obs) — GARCH skipped
wheat,national,it,True,35,36,36,2025-03-17,2025-10-30,164,13.143167075303644,2021-12-20,True,26.0,0.6808347846155335,0.4137256120077362,False,,,,,False,regime too short (<250 obs) — GARCH skipped
castor,national,it,False,35,1,36,2017-01-03,2017-04-05,67,46.03729897324876,,False,,0.8686627821216619,1.0,False,,,,,False,regime too short (<250 obs) — GARCH skipped
castor,national,it,False,35,2,36,2017-04-06,2017-06-29,61,26.629362120665256,,False,,0.8686627821216619,1.0,False,,,,,False,regime too short (<250 obs) — GARCH skipped
castor,national,it,False,35,3,36,2017-06-30,2017-07-14,11,54.18175498715674,,False,,0.8686627821216619,1.0,False,,,,,False,regime too short (<250 obs) — GARCH skipped
castor,national,it,False,35,4,36,2017-07-17,2017-10-16,66,34.163105837370175,,False,,0.8686627821216619,1.0,False,,,,,False,regime too short (<250 obs) — GARCH skipped
castor,national,it,False,35,5,36,2017-10-17,2017-10-24,6,140.1649079832497,,False,,0.8686627821216619,1.0,False,,,,,False,regime too short (<250 obs) — GARCH skipped
castor,national,it,False,35,6,36,2017-10-25,2017-12-14,37,42.0925485369545,,False,,0.8686627821216619,1.0,False,,,,,False,regime too short (<250 obs) — GARCH skipped
castor,national,it,False,35,7,36,2017-12-15,2018-08-13,172,21.201182502497343,,False,,0.8686627821216619,1.0,False,,,,,False,regime too short (<250 obs) — GARCH skipped
castor,national,it,False,35,8,36,2018-08-14,2018-09-06,18,75.19266094495002,,False,,0.8686627821216619,1.0,False,,,,,False,regime too short (<250 obs) — GARCH skipped
castor,national,it,False,35,9,36,2018-09-07,2018-11-01,40,39.89486446719629,,False,,0.8686627821216619,1.0,False,,,,,False,regime too short (<250 obs) — GARCH skipped
castor,national,it,False,35,10,36,2018-11-02,2018-11-30,21,86.05491100829343,,False,,0.8686627821216619,1.0,False,,,,,False,regime too short (<250 obs) — GARCH skipped
castor,national,it,False,35,11,36,2018-12-03,2019-04-30,107,29.436780865174345,,False,,0.8686627821216619,1.0,False,,,,,False,regime too short (<250 obs) — GARCH skipped
castor,national,it,False,35,12,36,2019-05-01,2019-08-13,75,20.475961267771478,,False,,0.8686627821216619,1.0,False,,,,,False,regime too short (<250 obs) — GARCH skipped
castor,national,it,False,35,13,36,2019-08-14,2019-08-15,2,285.0000230843147,,False,,0.8686627821216619,1.0,False,,,,,False,regime too short (<250 obs) — GARCH skipped
castor,national,it,False,35,14,36,2019-08-16,2019-11-14,65,74.17405943705623,,False,,0.8686627821216619,1.0,False,,,,,False,regime too short (<250 obs) — GARCH skipped
castor,national,it,False,35,15,36,2019-11-15,2020-03-23,92,30.605598616155913,,False,,0.8686627821216619,1.0,False,,,,,False,regime too short (<250 obs) — GARCH skipped
castor,national,it,False,35,16,36,2020-03-24,2020-04-17,9,99.21234619179427,,False,,0.8686627821216619,1.0,False,,,,,False,regime too short (<250 obs) — GARCH skipped
castor,national,it,False,35,17,36,2020-04-20,2020-07-30,74,24.791063461231793,,False,,0.8686627821216619,1.0,False,,,,,False,regime too short (<250 obs) — GARCH skipped
castor,national,it,False,35,18,36,2020-07-31,2020-08-12,9,159.64098716793384,,False,,0.8686627821216619,1.0,False,,,,,False,regime too short (<250 obs) — GARCH skipped
castor,national,it,False,35,19,36,2020-08-13,2021-04-19,178,42.69883031729191,,False,,0.8686627821216619,1.0,False,,,,,False,regime too short (<250 obs) — GARCH skipped
castor,national,it,False,35,20,36,2021-04-20,2021-05-19,22,157.61430089061744,,False,,0.8686627821216619,1.0,False,,,,,False,regime too short (<250 obs) — GARCH skipped
castor,national,it,False,35,21,36,2021-05-20,2021-10-29,117,41.132060244859886,,False,,0.8686627821216619,1.0,False,,,,,False,regime too short (<250 obs) — GARCH skipped
castor,national,it,False,35,22,36,2021-11-01,2021-11-09,6,207.08651031508165,,False,,0.8686627821216619,1.0,False,,,,,False,regime too short (<250 obs) — GARCH skipped
castor,national,it,False,35,23,36,2021-11-10,2022-01-24,54,34.969911121582456,,False,,0.8686627821216619,1.0,False,,,,,False,regime too short (<250 obs) — GARCH skipped
castor,national,it,False,35,24,36,2022-01-25,2022-01-26,2,260.8005693320091,,False,,0.8686627821216619,1.0,False,,,,,False,regime too short (<250 obs) — GARCH skipped
castor,national,it,False,35,25,36,2022-01-27,2022-03-16,35,73.53118181103245,,False,,0.8686627821216619,1.0,False,,,,,False,regime too short (<250 obs) — GARCH skipped
castor,national,it,False,35,26,36,2022-03-17,2022-03-18,2,339.547589275251,,False,,0.8686627821216619,1.0,False,,,,,False,regime too short (<250 obs) — GARCH skipped
castor,national,it,False,35,27,36,2022-03-21,2023-03-31,267,60.61851677579688,,False,,0.8686627821216619,1.0,False,1.0,0.0,1.0,,True,degenerate persist~1 (IGARCH)
castor,national,it,False,35,28,36,2023-04-03,2024-01-18,208,29.209205101032804,,False,,0.8686627821216619,1.0,False,,,,,False,regime too short (<250 obs) — GARCH skipped
castor,national,it,False,35,29,36,2024-01-19,2024-04-17,63,46.74834261488377,,False,,0.8686627821216619,1.0,False,,,,,False,regime too short (<250 obs) — GARCH skipped
castor,national,it,False,35,30,36,2024-04-18,2024-08-13,82,18.949547099436785,,False,,0.8686627821216619,1.0,False,,,,,False,regime too short (<250 obs) — GARCH skipped
castor,national,it,False,35,31,36,2024-08-14,2024-11-15,66,36.12003545004816,,False,,0.8686627821216619,1.0,False,,,,,False,regime too short (<250 obs) — GARCH skipped
castor,national,it,False,35,32,36,2024-11-18,2025-02-24,64,17.75661822001335,,False,,0.8686627821216619,1.0,False,,,,,False,regime too short (<250 obs) — GARCH skipped
castor,national,it,False,35,33,36,2025-02-25,2025-02-26,2,123.5446119736584,,False,,0.8686627821216619,1.0,False,,,,,False,regime too short (<250 obs) — GARCH skipped
castor,national,it,False,35,34,36,2025-02-27,2025-08-11,118,23.353611535484017,,False,,0.8686627821216619,1.0,False,,,,,False,regime too short (<250 obs) — GARCH skipped
castor,national,it,False,35,35,36,2025-08-12,2025-08-15,4,128.1215271134136,,False,,0.8686627821216619,1.0,False,,,,,False,regime too short (<250 obs) — GARCH skipped
castor,national,it,False,35,36,36,2025-08-18,2025-10-30,52,57.82539271724176,,False,,0.8686627821216619,1.0,False,,,,,False,regime too short (<250 obs) — GARCH skipped
guarseed413,national,it,False,18,1,19,2017-01-03,2018-06-26,386,23.61247823965305,,False,,0.9984324140918328,0.7183960268356749,False,0.21170053914751485,0.0,0.21170053914751485,23.7205547747489,True,
guarseed413,national,it,False,18,2,19,2018-06-27,2018-11-08,97,30.86358796986187,,False,,0.9984324140918328,0.7183960268356749,False,,,,,False,regime too short (<250 obs) — GARCH skipped
guarseed413,national,it,False,18,3,19,2018-11-09,2019-08-29,210,18.787709874820703,,False,,0.9984324140918328,0.7183960268356749,False,,,,,False,regime too short (<250 obs) — GARCH skipped
guarseed413,national,it,False,18,4,19,2019-08-30,2020-03-05,135,31.126918155265866,,False,,0.9984324140918328,0.7183960268356749,False,,,,,False,regime too short (<250 obs) — GARCH skipped
guarseed413,national,it,False,18,5,19,2020-03-06,2020-05-06,27,58.50370073698502,,False,,0.9984324140918328,0.7183960268356749,False,,,,,False,regime too short (<250 obs) — GARCH skipped
guarseed413,national,it,False,18,6,19,2020-05-14,2020-05-19,4,420.1359257576768,,False,,0.9984324140918328,0.7183960268356749,False,,,,,False,regime too short (<250 obs) — GARCH skipped
guarseed413,national,it,False,18,7,19,2020-05-20,2020-06-01,9,277.94786767362336,,False,,0.9984324140918328,0.7183960268356749,False,,,,,False,regime too short (<250 obs) — GARCH skipped
guarseed413,national,it,False,18,8,19,2020-06-02,2021-04-29,237,34.51585495575225,,False,,0.9984324140918328,0.7183960268356749,False,,,,,False,regime too short (<250 obs) — GARCH skipped
guarseed413,national,it,False,18,9,19,2021-04-30,2021-05-20,15,122.22312364227976,,False,,0.9984324140918328,0.7183960268356749,False,,,,,False,regime too short (<250 obs) — GARCH skipped
guarseed413,national,it,False,18,10,19,2021-05-21,2021-08-12,60,43.37856694780473,,False,,0.9984324140918328,0.7183960268356749,False,,,,,False,regime too short (<250 obs) — GARCH skipped
guarseed413,national,it,False,18,11,19,2021-08-13,2021-08-26,10,88.78276737361095,,False,,0.9984324140918328,0.7183960268356749,False,,,,,False,regime too short (<250 obs) — GARCH skipped
guarseed413,national,it,False,18,12,19,2021-08-27,2021-12-16,79,51.22191961338431,,False,,0.9984324140918328,0.7183960268356749,False,,,,,False,regime too short (<250 obs) — GARCH skipped
guarseed413,national,it,False,18,13,19,2021-12-17,2022-06-17,131,28.117968399462914,,False,,0.9984324140918328,0.7183960268356749,False,,,,,False,regime too short (<250 obs) — GARCH skipped
guarseed413,national,it,False,18,14,19,2022-06-20,2022-11-22,110,50.117395816253996,,False,,0.9984324140918328,0.7183960268356749,False,,,,,False,regime too short (<250 obs) — GARCH skipped
guarseed413,national,it,False,18,15,19,2022-11-23,2023-05-04,117,29.185313891126313,,False,,0.9984324140918328,0.7183960268356749,False,,,,,False,regime too short (<250 obs) — GARCH skipped
guarseed413,national,it,False,18,16,19,2023-05-05,2023-08-15,73,44.268446732155425,,False,,0.9984324140918328,0.7183960268356749,False,,,,,False,regime too short (<250 obs) — GARCH skipped
guarseed413,national,it,False,18,17,19,2023-08-16,2024-10-28,311,27.373822991038224,,False,,0.9984324140918328,0.7183960268356749,False,0.2639275777696336,0.36765326196208276,0.6315808397317164,27.700027737573354,True,
guarseed413,national,it,False,18,18,19,2024-10-29,2024-11-01,4,421.9051987485357,,False,,0.9984324140918328,0.7183960268356749,False,,,,,False,regime too short (<250 obs) — GARCH skipped
guarseed413,national,it,False,18,19,19,2024-11-04,2025-10-30,251,40.94835130185434,,False,,0.9984324140918328,0.7183960268356749,False,0.4101078880998068,0.2809445620726709,0.6910524501724777,43.632448105097474,True,
